1610MX,-1,EA,2T44704585,145115180
1926MX,-1,EA,2T44704585,145115180
2555MX,-1,EA,2T44704585,145115180
2364MX,-1,EA,2T44704585,145115180
2631MX,-1,EA,2T44704585,145115180
0922MX,-2,EA,2T44704585,145115180
4007MX,-1,EA,2T44704585,145115180
4000MX,-1,EA,2T44704585,145115180
0079MX,-1,EA,2T44704585,145115180
0085MX,-2,EA,2T44704585,145115180
208KMX,-1,EA,2T44676301,145059184
4007MX,-1,EA,2T44704493,145115094
3150MX,-1,EA,2T44704493,145115094
384KMX,-1,EA,2T44704495,145115096
030KMX,-1,EA,2T44704495,145115096
0884MX,-1,EA,2T44704495,145115096
1610MX,-1,EA,2T44704495,145115096
2131MX,-1,EA,2T44704495,145115096
2555MX,-1,EA,2T44704495,145115096
2631MX,-1,EA,2T44704495,145115096
0964MX,-1,EA,2T44704495,145115096
0940MX,-1,EA,2T44704495,145115096
0085MX,-1,EA,2T44704495,145115096
2864MX,-1,EA,2T44704495,145115096
2631MX,-1,EA,2ZJ7060763,145081043
0922MX,-1,EA,2ZJ7060763,145081043
690095,-1,EA,2T44704438,145115043
298A,-1,EA,2T44704438,145115043
4000MX,-1,EA,2T44704438,145115043
9947MX,-1,EA,2T44704438,145115043
0085MX,-1,EA,2T44704438,145115043
8504MX,-1,EA,2T44704438,145115043
7056MX,-1,EA,2T44704438,145115043
2648MX,-1,EA,2T44691305,145089336
0964MX,-1,EA,2T44691305,145089336
0899MX,-1,EA,2T44691305,145089336
0766MX,-1,EA,2T44691305,145089336
3119MX,-1,EA,2T44691305,145089336
3525MX,-1,EA,2T44691305,145089336
024KMX,-1,EA,2T44704432,145115035
1473MX,-1,EA,2T44704432,145115035
2631MX,-1,EA,2T44704432,145115035
0922MX,-1,EA,2T44704432,145115035
384KMX,-2,EA,2ZJ7069621,145100268
282MMX,-2,EA,2ZJ7069621,145100268
3121MX,-1,EA,2ZJ7069621,145100268
1061MX,-1,EA,2ZJ7069621,145100268
0767MX,-3,EA,2ZJ7069621,145100268
0364MX,-1,EA,2ZJ7069621,145100268
0413MX,-2,EA,2ZJ7069621,145100268
2864MX,-2,EA,2ZJ7069621,145100268
690095,-1,EA,2T44704412,145115017
298A,-1,EA,2T44704412,145115017
4000MX,-1,EA,2T44704412,145115017
9947MX,-1,EA,2T44704412,145115017
0085MX,-1,EA,2T44704412,145115017
8504MX,-1,EA,2T44704412,145115017
7056MX,-1,EA,2T44704412,145115017
1061MX,-1,EA,2T44704354,145114963
0767MX,-1,EA,2T44704354,145114963
0413MX,-1,EA,2T44704354,145114963
0065MX,-1,EA,2T44704354,145114963
3115MX,-1,EA,2T44704354,145114963
2374MX,-1,EA,2ZJ7064642,145090995
1061MX,-1,EA,2ZJ7064642,145090995
4000MX,-2,EA,2ZJ7064642,145090995
0085MX,-11,EA,2ZJ7064642,145090995
1094MX,-5,EA,2ZJ7064642,145090995
208KMX,-1,EA,2T44704143,145114775
289KMX,-1,EA,2T44704143,145114775
3121MX,-1,EA,2T44704143,145114775
049KMX,-1,EA,2T44704143,145114775
0884MX,-2,EA,2T44704143,145114775
2555MX,-1,EA,2T44704143,145114775
2631MX,-4,EA,2T44704143,145114775
4004MX,-2,EA,2T44704143,145114775
3119MX,-1,EA,2T44704143,145114775
2641MX,-2,EA,2T44704143,145114775
1065MX,-1,EA,2T44704143,145114775
0565MX,-3,EA,2T44704143,145114775
2864MX,-1,EA,2T44704143,145114775
2648MX,-1,EA,2T44704340,145114949
2131MX,-1,EA,2T44704340,145114949
2631MX,-1,EA,2T44704340,145114949
4000MX,-1,EA,2T44704340,145114949
2864MX,-1,EA,2T44704340,145114949
2631MX,-6,EA,2ZJ7064962,145091528
0964MX,-1,EA,2ZJ7064962,145091528
4002MX,-2,EA,2ZJ7064962,145091528
0370MX,-2,EA,2ZJ7064962,145091528
1155MX,-3,EA,2ZJ7064962,145091528
3175MX,-1,EA,2ZJ7064962,145091528
208KMX,-1,EA,2T44704245,145114866
2648MX,-2,EA,2T44704245,145114866
1926MX,-2,EA,2T44704245,145114866
2364MX,-1,EA,2T44704245,145114866
1428MX,-1,EA,2T44704245,145114866
2631MX,-5,EA,2T44704245,145114866
0922MX,-1,EA,2T44704245,145114866
0964MX,-2,EA,2T44704245,145114866
0366MX,-4,EA,2T44704245,145114866
3525MX,-7,EA,2T44704245,145114866
1065MX,-3,EA,2T44704245,145114866
2648MX,-1,EA,2T44704250,145114870
1065MX,-1,EA,2T44704250,145114870
1638MX,-1,EA,2T44704154,145114811
1926MX,-1,EA,2T44704154,145114811
2631MX,-1,EA,2T44704154,145114811
4004MX,-1,EA,2T44704154,145114811
1095MX,-1,EA,2T44704154,145114811
0413MX,-1,EA,2T44704211,145114833
2648MX,-2,EA,2ZJ7064779,145091227
1829MX,-1,EA,2ZJ7064779,145091227
1926MX,-2,EA,2ZJ7064779,145091227
2631MX,-7,EA,2ZJ7064779,145091227
0963MX,-1,EA,2ZJ7064779,145091227
0077MX,-2,EA,2ZJ7064779,145091227
030KMX,-1,EA,2ZJ7054527,145069778
049KMX,-1,EA,2ZJ7054527,145069778
044KMX,-1,EA,2ZJ7054527,145069778
0884MX,-1,EA,2ZJ7054527,145069778
2555MX,-1,EA,2ZJ7054527,145069778
1473MX,-1,EA,2ZJ7054527,145069778
0940MX,-1,EA,2ZJ7054527,145069778
4002MX,-1,EA,2ZJ7054527,145069778
4007MX,-1,EA,2ZJ7054527,145069778
4000MX,-1,EA,2ZJ7054527,145069778
4001MX,-1,EA,2ZJ7054527,145069778
0079MX,-1,EA,2ZJ7054527,145069778
0032MX,-5,EA,2ZJ7054527,145069778
2555MX,-1,EA,2T44704259,145114879
303A,-1,EA,2T44704259,145114879
0366MX,-1,EA,2T44704259,145114879
3175MX,-1,EA,2T44704259,145114879
0065MX,-1,EA,2T44704259,145114879
1095MX,-1,EA,2T44704074,145114719
3175MX,-1,EA,2T44704074,145114719
524LMX,-1,EA,2T44704005,145114664
1926MX,-1,EA,2T44704005,145114664
4000MX,-1,EA,2T44704005,145114664
0964MX,-1,EA,2T44704194,145114824
2631MX,-1,EA,2T44700512,145109030
0964MX,-1,EA,2T44700512,145109030
2864MX,-2,EA,2T44700512,145109030
0065MX,-1,EA,2T44700512,145109030
0884MX,-1,EA,2T44704144,145114776
2631MX,-2,EA,2T44704222,145114842
0085MX,-1,EA,2T44704222,145114842
0065MX,-1,EA,2T44704222,145114842
1638MX,-1,EA,2T44704109,145114758
773AMX,-1,EA,2T44704109,145114758
1065MX,-1,EA,2T44704109,145114758
0085MX,-1,EA,2T44704109,145114758
0370MX,-1,EA,2T44704109,145114758
2864MX,-1,EA,2ZJ7070119,145101162
4004MX,-6,EA,2T44704141,145114774
4000MX,-1,EA,2T44704086,145114733
3175MX,-1,EA,2T44704086,145114733
1061MX,-1,EA,2ZJ7064706,145091104
0963MX,-7,EA,2ZJ7064706,145091104
4007MX,-2,EA,2ZJ7064706,145091104
1094MX,-5,EA,2ZJ7064706,145091104
0565MX,-1,EA,2ZJ7064706,145091104
3175MX,-1,EA,2ZJ7064706,145091104
1610MX,-6,EA,2ZJ7064883,145091410
4004MX,-2,EA,2ZJ7064883,145091410
0364MX,-1,EA,2ZJ7064883,145091410
3525MX,-1,EA,2ZJ7064883,145091410
0085MX,-6,EA,2ZJ7064883,145091410
1094MX,-1,EA,2ZJ7064883,145091410
0370MX,-2,EA,2ZJ7064883,145091410
524LMX,-1,EA,2T44703087,145113795
1926MX,-1,EA,2T44703087,145113795
4000MX,-1,EA,2T44703087,145113795
0064MX,-1,EA,2T44701217,145110709
0370MX,-1,EA,2T44701217,145110709
049KMX,-1,EA,2T44703984,145114656
1829MX,-2,EA,2T44703984,145114656
0831MX,-3,EA,2T44703984,145114656
0964MX,-2,EA,2T44703984,145114656
4000MX,-1,EA,2T44703984,145114656
1095MX,-2,EA,2T44703984,145114656
0079MX,-1,EA,2T44703984,145114656
3123MX,-1,EA,2T44703984,145114656
1155MX,-3,EA,2T44703984,145114656
0077MX,-1,EA,2T44703984,145114656
3115MX,-2,EA,2T44703984,145114656
384KMX,-1,EA,2T44704004,145114666
1926MX,-2,EA,2T44704004,145114666
4004MX,-1,EA,2T44704004,145114666
177MMX,-1,EA,2T44703511,145114216
1120MX,-1,EA,2T44703511,145114216
1638MX,-1,EA,2T44703511,145114216
049KMX,-1,EA,2T44703511,145114216
2131MX,-2,EA,2T44703511,145114216
1473MX,-1,EA,2T44703511,145114216
2631MX,-1,EA,2T44703511,145114216
0964MX,-1,EA,2T44703511,145114216
4000MX,-2,EA,2T44703511,145114216
0064MX,-1,EA,2T44703511,145114216
0565MX,-1,EA,2T44703511,145114216
3150MX,-1,EA,2T44703511,145114216
0032MX,-1,EA,2T44703511,145114216
0065MX,-1,EA,2T44703511,145114216
384KMX,-1,EA,2ZJ7075739,145111246
1926MX,-1,EA,2ZJ7075739,145111246
0963MX,-1,EA,2ZJ7075739,145111246
4000MX,-1,EA,2ZJ7075739,145111246
3119MX,-1,EA,2ZJ7075739,145111246
2864MX,-1,EA,2ZJ7075739,145111246
0940MX,-1,EA,2ZJ7073609,145107549
0831MX,-1,EA,2T44703955,145114631
1638MX,-1,EA,2T44703937,145114622
1610MX,-1,EA,2T44703937,145114622
2648MX,-1,EA,2T44703937,145114622
0922MX,-1,EA,2T44703937,145114622
4002MX,-1,EA,2T44703937,145114622
3119MX,-1,EA,2T44703937,145114622
2864MX,-1,EA,2T44703937,145114622
0085MX,-1,EA,2T44694476,145095415
1412MX,-1,EA,2ZJ7042534,145037589
0773MX,-1,EA,2ZJ7042534,145037589
0766MX,-1,EA,2ZJ7042534,145037589
2131MX,-1,EA,2T44703985,145114650
4000MX,-1,EA,2T44703985,145114650
384KMX,-1,EA,2ZJ7058406,145076861
103KMX,-1,EA,2ZJ7058406,145076861
2864MX,-1,EA,2ZJ7058406,145076861
0774MX,-1,EA,2T44703843,145114527
0899MX,-1,EA,2T44703843,145114527
0772MX,-1,EA,2T44703843,145114527
0766MX,-2,EA,2T44703843,145114527
0413MX,-1,EA,2T44703843,145114527
1120MX,-1,EA,2T44703834,145114522
0267MX,-1,EA,2T44703834,145114522
3121MX,-2,EA,2T44703834,145114522
1638MX,-2,EA,2T44703834,145114522
101KMX,-1,EA,2T44703834,145114522
024KMX,-3,EA,2T44703834,145114522
044KMX,-3,EA,2T44703834,145114522
0884MX,-2,EA,2T44703834,145114522
1829MX,-3,EA,2T44703834,145114522
1926MX,-3,EA,2T44703834,145114522
2374MX,-3,EA,2T44703834,145114522
1473MX,-2,EA,2T44703834,145114522
1412MX,-1,EA,2T44703834,145114522
2631MX,-18,EA,2T44703834,145114522
0773MX,-1,EA,2T44703834,145114522
0772MX,-1,EA,2T44703834,145114522
0770MX,-2,EA,2T44703834,145114522
4002MX,-2,EA,2T44703834,145114522
4007MX,-2,EA,2T44703834,145114522
3119MX,-2,EA,2T44703834,145114522
3146MX,-2,EA,2T44703834,145114522
0413MX,-2,EA,2T44703834,145114522
3525MX,-3,EA,2T44703834,145114522
1065MX,-6,EA,2T44703834,145114522
1094MX,-2,EA,2T44703834,145114522
3123MX,-2,EA,2T44703834,145114522
3150MX,-2,EA,2T44703834,145114522
0065MX,-2,EA,2T44703834,145114522
0039MX,-1,EA,2T44703834,145114522
3115MX,-2,EA,2T44703834,145114522
1926MX,-1,EA,2T44693771,145093904
2631MX,-1,EA,2T44693771,145093904
0963MX,-1,EA,2T44693771,145093904
4002MX,-1,EA,2T44693771,145093904
1638MX,-1,EA,2ZJ7060734,145081006
1610MX,-1,EA,2ZJ7060734,145081006
2131MX,-1,EA,2ZJ7060734,145081006
1926MX,-1,EA,2ZJ7060734,145081006
4000MX,-2,EA,2ZJ7060734,145081006
0366MX,-2,EA,2ZJ7060734,145081006
3119MX,-1,EA,2ZJ7060734,145081006
3525MX,-4,EA,2ZJ7060734,145081006
0085MX,-3,EA,2ZJ7060734,145081006
1155MX,-1,EA,2ZJ7060734,145081006
0039MX,-1,EA,2ZJ7060734,145081006
384KMX,-2,EA,2ZJ7072482,145105473
1638MX,-1,EA,2ZJ7072482,145105473
044KMX,-1,EA,2ZJ7072482,145105473
0884MX,-2,EA,2ZJ7072482,145105473
2131MX,-1,EA,2ZJ7072482,145105473
1926MX,-1,EA,2ZJ7072482,145105473
2631MX,-1,EA,2ZJ7072482,145105473
0922MX,-1,EA,2ZJ7072482,145105473
0963MX,-1,EA,2ZJ7072482,145105473
4007MX,-1,EA,2ZJ7072482,145105473
4004MX,-1,EA,2ZJ7072482,145105473
4001MX,-1,EA,2ZJ7072482,145105473
0366MX,-2,EA,2ZJ7072482,145105473
3525MX,-4,EA,2ZJ7072482,145105473
1065MX,-1,EA,2ZJ7072482,145105473
0085MX,-2,EA,2ZJ7072482,145105473
2864MX,-1,EA,2ZJ7072482,145105473
208KMX,-1,EA,2ZJ7060925,145081342
0267MX,-1,EA,2ZJ7060925,145081342
0884MX,-2,EA,2ZJ7060925,145081342
2648MX,-8,EA,2ZJ7060925,145081342
2131MX,-3,EA,2ZJ7060925,145081342
2374MX,-1,EA,2ZJ7060925,145081342
2631MX,-4,EA,2ZJ7060925,145081342
0922MX,-1,EA,2ZJ7060925,145081342
0964MX,-1,EA,2ZJ7060925,145081342
2644MX,-2,EA,2ZJ7060925,145081342
4007MX,-1,EA,2ZJ7060925,145081342
4001MX,-1,EA,2ZJ7060925,145081342
0366MX,-4,EA,2ZJ7060925,145081342
0364MX,-1,EA,2ZJ7060925,145081342
3119MX,-6,EA,2ZJ7060925,145081342
0064MX,-1,EA,2ZJ7060925,145081342
3525MX,-5,EA,2ZJ7060925,145081342
1065MX,-1,EA,2ZJ7060925,145081342
0085MX,-2,EA,2ZJ7060925,145081342
1094MX,-1,EA,2ZJ7060925,145081342
0565MX,-1,EA,2ZJ7060925,145081342
0032MX,-1,EA,2ZJ7060925,145081342
3175MX,-2,EA,2ZJ7060925,145081342
384KMX,-2,EA,2ZJ7061078,145081623
282MMX,-1,EA,2ZJ7061078,145081623
1638MX,-1,EA,2ZJ7061078,145081623
1610MX,-1,EA,2ZJ7061078,145081623
2648MX,-1,EA,2ZJ7061078,145081623
2131MX,-1,EA,2ZJ7061078,145081623
1926MX,-2,EA,2ZJ7061078,145081623
1473MX,-1,EA,2ZJ7061078,145081623
2631MX,-1,EA,2ZJ7061078,145081623
0922MX,-2,EA,2ZJ7061078,145081623
0940MX,-1,EA,2ZJ7061078,145081623
4000MX,-2,EA,2ZJ7061078,145081623
0366MX,-1,EA,2ZJ7061078,145081623
3119MX,-2,EA,2ZJ7061078,145081623
2641MX,-1,EA,2ZJ7061078,145081623
3525MX,-2,EA,2ZJ7061078,145081623
0085MX,-2,EA,2ZJ7061078,145081623
3175MX,-1,EA,2ZJ7061078,145081623
384KMX,-1,EA,2ZJ7070440,145101772
384KMX,-1,EA,2T44703346,145114052
0963MX,-2,EA,2T44703346,145114052
0065MX,-1,EA,2T44703346,145114052
1610MX,-1,EA,2T44703800,145114491
0963MX,-1,EA,2T44703800,145114491
4002MX,-1,EA,2T44703800,145114491
4000MX,-1,EA,2T44703800,145114491
3119MX,-1,EA,2T44703800,145114491
3525MX,-1,EA,2T44703800,145114491
1065MX,-1,EA,2T44703800,145114491
0085MX,-4,EA,2T44703800,145114491
0065MX,-1,EA,2T44703800,145114491
0079MX,-1,EA,2T44703148,145113857
0032MX,-1,EA,2T44703148,145113857
0065MX,-1,EA,2T44703148,145113857
101KMX,-1,EA,2T44703869,145114553
1094MX,-1,EA,2T44703869,145114553
0032MX,-1,EA,2T44703869,145114553
3115MX,-1,EA,2T44703869,145114553
896SMX,-1,EA,2T44703116,145113821
1638MX,-1,EA,2T44703116,145113821
044KMX,-1,EA,2T44703116,145113821
1610MX,-4,EA,2T44703116,145113821
1926MX,-3,EA,2T44703116,145113821
2374MX,-2,EA,2T44703116,145113821
2631MX,-4,EA,2T44703116,145113821
1095MX,-2,EA,2T44703116,145113821
0085MX,-2,EA,2T44703116,145113821
3175MX,-2,EA,2T44703116,145113821
384KMX,-1,EA,2T44694942,145096552
2644MX,-1,EA,2T44694942,145096552
4000MX,-1,EA,2T44694942,145096552
3525MX,-1,EA,2T44694942,145096552
384KMX,-1,EA,2ZJ7065560,145092646
1926MX,-1,EA,2ZJ7065560,145092646
3119MX,-1,EA,2ZJ7065560,145092646
1412MX,-2,EA,2T44701647,145111777
2864MX,-8,EA,2T44701647,145111777
1638MX,-1,EA,2ZJ7067760,145096825
0884MX,-1,EA,2ZJ7067760,145096825
1610MX,-2,EA,2ZJ7067760,145096825
1926MX,-1,EA,2ZJ7067760,145096825
0922MX,-1,EA,2ZJ7067760,145096825
0963MX,-1,EA,2ZJ7067760,145096825
0899MX,-1,EA,2ZJ7067760,145096825
0767MX,-1,EA,2ZJ7067760,145096825
0766MX,-1,EA,2ZJ7067760,145096825
4004MX,-1,EA,2ZJ7067760,145096825
0413MX,-5,EA,2ZJ7067760,145096825
0085MX,-1,EA,2ZJ7067760,145096825
1094MX,-1,EA,2ZJ7067760,145096825
0370MX,-1,EA,2ZJ7067760,145096825
3123MX,-1,EA,2ZJ7067760,145096825
0039MX,-1,EA,2ZJ7067760,145096825
3115MX,-1,EA,2ZJ7067760,145096825
2864MX,-2,EA,2ZJ7075822,145111407
0413MX,-1,EA,2T44691627,145089646
773AMX,-1,EA,2T44703735,145114425
2631MX,-1,EA,2T44703735,145114425
0085MX,-1,EA,2T44703735,145114425
2864MX,-1,EA,2ZJ7074093,145108383
2631MX,-1,EA,2T44700655,145109331
0085MX,-3,EA,2T44703695,145114390
1638MX,-1,EA,2T44703689,145114385
044KMX,-1,EA,2T44703689,145114385
1829MX,-1,EA,2T44703689,145114385
2131MX,-1,EA,2T44703689,145114385
0831MX,-2,EA,2T44703689,145114385
1428MX,-1,EA,2T44703689,145114385
0963MX,-1,EA,2T44703689,145114385
2641MX,-1,EA,2T44703689,145114385
2864MX,-4,EA,2T44703689,145114385
1638MX,-1,EA,2T44701945,145112530
1610MX,-1,EA,2T44701945,145112530
384KMX,-1,EA,2T44694614,145095729
2131MX,-1,EA,2T44694614,145095729
0085MX,-1,EA,2T44694614,145095729
0032MX,-1,EA,2T44694614,145095729
1412MX,-1,EA,2T44677977,145061805
2864MX,-2,EA,2T44692365,145090434
1638MX,-1,EA,2ZJ7067014,145095446
103KMX,-1,EA,2ZJ7067014,145095446
1829MX,-1,EA,2ZJ7074092,145108381
2631MX,-1,EA,2ZJ7074092,145108381
2864MX,-4,EA,2ZJ7076533,145112547
2864MX,-1,EA,2ZJ7056305,145072982
0831MX,-1,EA,2ZJ7072711,145105847
1061MX,-1,EA,2ZJ7072711,145105847
0964MX,-1,EA,2ZJ7072711,145105847
101KMX,-2,EA,2T44703612,145114321
024KMX,-3,EA,2T44703612,145114321
1829MX,-3,EA,2T44703612,145114321
1926MX,-4,EA,2T44703612,145114321
2374MX,-2,EA,2T44703612,145114321
1473MX,-3,EA,2T44703612,145114321
1412MX,-2,EA,2T44703612,145114321
2631MX,-3,EA,2T44703612,145114321
3119MX,-4,EA,2T44703612,145114321
1417MX,-3,EA,2T44703612,145114321
3123MX,-2,EA,2T44703612,145114321
3150MX,-3,EA,2T44703612,145114321
3175MX,-2,EA,2T44703612,145114321
0065MX,-4,EA,2T44703612,145114321
0039MX,-2,EA,2T44703612,145114321
1412MX,-1,EA,2ZJ7074943,145109957
2864MX,-1,EA,2ZJ7074943,145109957
466LMX,-1,EA,2T44692530,145090879
0065MX,-1,EA,2T44692530,145090879
384KMX,-12,EA,2T44688010,145085325
2864MX,-1,EA,2ZJ7065144,145091880
208KMX,-2,EA,2T44701293,145110901
3121MX,-1,EA,2T44701293,145110901
1638MX,-1,EA,2T44701293,145110901
044KMX,-2,EA,2T44701293,145110901
2648MX,-2,EA,2T44701293,145110901
0964MX,-2,EA,2T44701293,145110901
3119MX,-2,EA,2T44701293,145110901
2641MX,-2,EA,2T44701293,145110901
0085MX,-8,EA,2T44701293,145110901
384KMX,-1,EA,2T44699424,145106660
1829MX,-1,EA,2T44699424,145106660
2631MX,-1,EA,2T44699424,145106660
1065MX,-1,EA,2T44699424,145106660
0085MX,-1,EA,2T44699424,145106660
103KMX,-1,EA,2T44701681,145111890
1610MX,-7,EA,2T44701681,145111890
2631MX,-7,EA,2T44701681,145111890
2644MX,-2,EA,2T44701681,145111890
4007MX,-1,EA,2T44701681,145111890
0085MX,-2,EA,2T44701681,145111890
2864MX,-1,EA,2T44701681,145111890
384KMX,-3,EA,2ZJ7075909,145111550
1926MX,-1,EA,2ZJ7075909,145111550
4007MX,-1,EA,2ZJ7075909,145111550
4001MX,-1,EA,2ZJ7075909,145111550
0085MX,-3,EA,2ZJ7075909,145111550
2131MX,-1,EA,2ZJ7071475,145103630
2631MX,-1,EA,2ZJ7071475,145103630
0963MX,-1,EA,2ZJ7071475,145103630
0940MX,-1,EA,2ZJ7071475,145103630
2631MX,-1,EA,2T44703489,145114195
0085MX,-1,EA,2T44703489,145114195
0267MX,-1,EA,2T44703562,145114265
1638MX,-1,EA,2T44703562,145114265
044KMX,-1,EA,2T44703562,145114265
2631MX,-1,EA,2T44703562,145114265
1188MX,-1,EA,2T44703562,145114265
2631MX,-1,EA,2T44703504,145114211
0065MX,-1,EA,2T44703504,145114211
2648MX,-2,EA,2T44703541,145114243
2631MX,-1,EA,2T44703541,145114243
0964MX,-2,EA,2T44703541,145114243
4002MX,-1,EA,2T44703541,145114243
0366MX,-1,EA,2T44703541,145114243
0364MX,-1,EA,2T44703541,145114243
3119MX,-5,EA,2T44703541,145114243
3525MX,-2,EA,2T44703541,145114243
1065MX,-1,EA,2T44703541,145114243
0085MX,-2,EA,2T44703541,145114243
044KMX,-1,EA,2T44703582,145114290
0922MX,-1,EA,2T44660479,145039196
4007MX,-1,EA,2T44660479,145039196
1188MX,-1,EA,2T44660479,145039196
384KMX,-1,EA,2T44703171,145113878
0370MX,-1,EA,2T44703171,145113878
0085MX,-1,EA,2T44703242,145113956
384KMX,-5,EA,2T44699521,145106885
0267MX,-1,EA,2T44699521,145106885
049KMX,-1,EA,2T44699521,145106885
0884MX,-1,EA,2T44699521,145106885
1610MX,-4,EA,2T44699521,145106885
2364MX,-1,EA,2T44699521,145106885
0831MX,-1,EA,2T44699521,145106885
1428MX,-1,EA,2T44699521,145106885
2631MX,-3,EA,2T44699521,145106885
0922MX,-2,EA,2T44699521,145106885
0964MX,-3,EA,2T44699521,145106885
0963MX,-1,EA,2T44699521,145106885
4007MX,-2,EA,2T44699521,145106885
4000MX,-2,EA,2T44699521,145106885
3119MX,-1,EA,2T44699521,145106885
0085MX,-5,EA,2T44699521,145106885
2864MX,-2,EA,2T44699521,145106885
0079MX,-1,EA,2T44701418,145111229
2864MX,-1,EA,2T44701418,145111229
0077MX,-1,EA,2T44701418,145111229
0884MX,-1,EA,2ZJ7067558,145096457
2631MX,-1,EA,2ZJ7067558,145096457
0922MX,-1,EA,2ZJ7067558,145096457
3525MX,-1,EA,2T44699766,145107381
0085MX,-1,EA,2T44699766,145107381
2864MX,-3,EA,2T44699766,145107381
1412MX,-1,EA,2ZJ7068155,145097497
2864MX,-2,EA,2ZJ7075821,145111394
1829MX,-1,EA,2ZJ7062495,145084020
2374MX,-1,EA,2ZJ7062495,145084020
0077MX,-1,EA,2ZJ7062495,145084020
0065MX,-1,EA,2ZJ7062495,145084020
2864MX,-1,EA,2ZJ7046778,145043612
1412MX,-1,EA,2T44703409,145114116
0366MX,-2,EA,2ZJ7062396,145083847
0364MX,-1,EA,2ZJ7062396,145083847
3525MX,-2,EA,2ZJ7062396,145083847
0884MX,-1,EA,2T44697082,145101293
3121MX,-1,EA,2ZJ7061219,145081870
1412MX,-1,EA,2ZJ7061219,145081870
384KMX,-6,EA,2ZJ7071950,145104533
1926MX,-1,EA,2ZJ7071950,145104533
0413MX,-1,EA,2ZJ7071950,145104533
0085MX,-1,EA,2ZJ7071950,145104533
1155MX,-1,EA,2ZJ7071950,145104533
384KMX,-3,EA,2T44702557,145113255
1638MX,-3,EA,2T44702557,145113255
044KMX,-1,EA,2T44702557,145113255
1610MX,-3,EA,2T44702557,145113255
2131MX,-2,EA,2T44702557,145113255
1428MX,-1,EA,2T44702557,145113255
1412MX,-1,EA,2T44702557,145113255
2631MX,-3,EA,2T44702557,145113255
0922MX,-3,EA,2T44702557,145113255
0964MX,-2,EA,2T44702557,145113255
1065MX,-3,EA,2T44702557,145113255
0085MX,-4,EA,2T44702557,145113255
208KMX,-2,EA,2T44700490,145109005
0899MX,-2,EA,2T44700490,145109005
1638MX,-1,EA,2ZJ7074118,145108433
2631MX,-1,EA,2ZJ7074118,145108433
0773MX,-1,EA,2ZJ7074118,145108433
0772MX,-1,EA,2ZJ7074118,145108433
0085MX,-1,EA,2ZJ7074118,145108433
0922MX,-1,EA,2T44699470,145106767
0940MX,-1,EA,2T44699470,145106767
694NMX,-1,EA,2ZJ7076575,145112620
693NMX,-1,EA,2ZJ7076575,145112620
683NMX,-1,EA,2ZJ7076575,145112620
602797,-1,EA,2ZJ7076575,145112620
602772,-1,EA,2ZJ7076575,145112620
602775,-1,EA,2ZJ7076575,145112620
3119MX,-1,EA,2ZJ7076575,145112620
384KMX,-3,EA,2ZJ7072911,145106276
687NMX,-1,EA,2ZJ7072911,145106276
682NMX,-1,EA,2ZJ7072911,145106276
1412MX,-1,EA,2ZJ7072911,145106276
602797,-1,EA,2ZJ7072911,145106276
602762,-1,EA,2ZJ7072911,145106276
0765MX,-1,EA,2ZJ7072911,145106276
2864MX,-3,EA,2ZJ7072911,145106276
2864MX,-2,EA,2T44654884,145028306
3176MX,-2,EA,2T44654884,145028306
1926MX,-1,EA,2T44693862,145094113
0922MX,-1,EA,2T44693862,145094113
1065MX,-1,EA,2T44693862,145094113
0370MX,-1,EA,2T44693862,145094113
384KMX,-1,EA,2ZJ7058426,145076908
2864MX,-2,EA,2ZJ7058426,145076908
0768MX,-1,EA,2ZJ7069305,145099647
0765MX,-1,EA,2ZJ7069305,145099647
0077MX,-2,EA,2ZJ7069305,145099647
0065MX,-2,EA,2ZJ7069305,145099647
3115MX,-3,EA,2ZJ7069305,145099647
384KMX,-5,EA,2ZJ7070827,145102525
1638MX,-3,EA,2ZJ7070827,145102525
049KMX,-1,EA,2ZJ7070827,145102525
0884MX,-2,EA,2ZJ7070827,145102525
1926MX,-4,EA,2ZJ7070827,145102525
0831MX,-1,EA,2ZJ7070827,145102525
2631MX,-4,EA,2ZJ7070827,145102525
0964MX,-6,EA,2ZJ7070827,145102525
0940MX,-1,EA,2ZJ7070827,145102525
4002MX,-1,EA,2ZJ7070827,145102525
4007MX,-1,EA,2ZJ7070827,145102525
4000MX,-2,EA,2ZJ7070827,145102525
4001MX,-3,EA,2ZJ7070827,145102525
0085MX,-5,EA,2ZJ7070827,145102525
0032MX,-1,EA,2ZJ7070827,145102525
3175MX,-1,EA,2ZJ7070827,145102525
2631MX,-1,EA,2ZJ7071592,145103829
1065MX,-1,EA,2ZJ7071592,145103829
0884MX,-1,EA,2ZJ7034943,145021635
1610MX,-1,EA,2ZJ7034943,145021635
0922MX,-1,EA,2ZJ7034943,145021635
384KMX,-2,EA,2ZJ7054140,145069056
101KMX,-1,EA,2ZJ7054140,145069056
1061MX,-1,EA,2ZJ7054140,145069056
0079MX,-1,EA,2ZJ7054140,145069056
0565MX,-1,EA,2ZJ7054140,145069056
1926MX,-4,EA,2ZJ7062030,145083232
384KMX,-6,EA,2ZJ7058676,145077322
030KMX,-5,EA,2ZJ7058676,145077322
1610MX,-12,EA,2ZJ7058676,145077322
4004MX,-3,EA,2ZJ7058676,145077322
4000MX,-6,EA,2ZJ7058676,145077322
2555MX,-1,EA,2T44693021,145092102
0963MX,-1,EA,2T44693021,145092102
0940MX,-1,EA,2T44693021,145092102
4000MX,-2,EA,2T44693021,145092102
3119MX,-6,EA,2T44693021,145092102
1065MX,-3,EA,2T44693021,145092102
0370MX,-1,EA,2T44693021,145092102
2864MX,-2,EA,2ZJ7058332,145076724
2864MX,-4,EA,2T44682687,145073255
1412MX,-8,EA,2ZJ7073511,145107356
0899MX,-2,EA,2T44701523,145111503
2864MX,-1,EA,2ZJ7072902,145106197
384KMX,-1,EA,2T44696772,145101095
0964MX,-1,EA,2T44696772,145101095
4002MX,-1,EA,2T44696772,145101095
4007MX,-1,EA,2T44696772,145101095
4000MX,-2,EA,2T44696772,145101095
4001MX,-1,EA,2T44696772,145101095
3175MX,-5,EA,2T44696772,145101095
0065MX,-1,EA,2T44696772,145101095
208KMX,-1,EA,2ZJ7064114,145086811
030KMX,-1,EA,2ZJ7064114,145086811
044KMX,-1,EA,2ZJ7064114,145086811
1829MX,-1,EA,2ZJ7064114,145086811
2131MX,-1,EA,2ZJ7064114,145086811
2555MX,-1,EA,2ZJ7064114,145086811
2374MX,-1,EA,2ZJ7064114,145086811
1412MX,-1,EA,2ZJ7064114,145086811
0963MX,-1,EA,2ZJ7064114,145086811
0940MX,-1,EA,2ZJ7064114,145086811
4002MX,-1,EA,2ZJ7064114,145086811
4007MX,-1,EA,2ZJ7064114,145086811
4004MX,-3,EA,2ZJ7064114,145086811
4000MX,-3,EA,2ZJ7064114,145086811
3119MX,-2,EA,2ZJ7064114,145086811
3525MX,-1,EA,2ZJ7064114,145086811
0085MX,-2,EA,2ZJ7064114,145086811
2864MX,-2,EA,2ZJ7064114,145086811
0884MX,-2,EA,2ZJ7058556,145077127
0940MX,-2,EA,2ZJ7058556,145077127
4000MX,-2,EA,2ZJ7058556,145077127
3119MX,-1,EA,2ZJ7058556,145077127
2864MX,-2,EA,2ZJ7058556,145077127
384KMX,-3,EA,2ZJ7056860,145073940
2374MX,-3,EA,2ZJ7056860,145073940
4001MX,-1,EA,2ZJ7056860,145073940
0085MX,-3,EA,2ZJ7056860,145073940
0032MX,-1,EA,2ZJ7056860,145073940
0065MX,-2,EA,2ZJ7056860,145073940
3121MX,-1,EA,2T44703090,145113805
103KMX,-1,EA,2T44702972,145113681
2631MX,-1,EA,2T44702972,145113681
3119MX,-1,EA,2T44702972,145113681
3175MX,-1,EA,2T44702972,145113681
2864MX,-2,EA,2ZJ7058220,145076539
1610MX,-1,EA,2T44702026,145112702
1926MX,-1,EA,2T44702026,145112702
4000MX,-1,EA,2T44702026,145112702
0085MX,-1,EA,2T44702026,145112702
2864MX,-1,EA,2T44702026,145112702
688NMX,-1,EA,2ZJ7075113,145110288
682NMX,-1,EA,2ZJ7075113,145110288
602797,-1,EA,2ZJ7075113,145110288
602764,-2,EA,2ZJ7075113,145110288
0413MX,-1,EA,2ZJ7075113,145110288
0413MX,-3,EA,2T44680074,145067290
030KMX,-2,EA,2ZJ7045595,145041960
1412MX,-2,EA,2ZJ7045595,145041960
0765MX,-1,EA,2ZJ7045595,145041960
208KMX,-1,EA,2T44702843,145113532
214MMX,-1,EA,2T44702843,145113532
177MMX,-1,EA,2T44702843,145113532
203MMX,-1,EA,2T44702843,145113532
0884MX,-1,EA,2T44702843,145113532
1926MX,-2,EA,2T44702843,145113532
0831MX,-1,EA,2T44702843,145113532
1473MX,-1,EA,2T44702843,145113532
0963MX,-3,EA,2T44702843,145113532
4007MX,-1,EA,2T44702843,145113532
0085MX,-6,EA,2T44702843,145113532
2864MX,-2,EA,2T44702843,145113532
384KMX,-2,EA,2ZJ7052989,145067034
1610MX,-1,EA,2ZJ7052989,145067034
0085MX,-1,EA,2ZJ7052989,145067034
4000MX,-1,EA,2ZJ7075148,145110331
2864MX,-2,EA,2ZJ7075148,145110331
1638MX,-3,EA,2T44701984,145112683
049KMX,-1,EA,2T44701984,145112683
044KMX,-1,EA,2T44701984,145112683
0884MX,-1,EA,2T44701984,145112683
2648MX,-1,EA,2T44701984,145112683
1829MX,-1,EA,2T44701984,145112683
2131MX,-1,EA,2T44701984,145112683
0831MX,-1,EA,2T44701984,145112683
1473MX,-1,EA,2T44701984,145112683
0940MX,-1,EA,2T44701984,145112683
4007MX,-1,EA,2T44701984,145112683
4004MX,-1,EA,2T44701984,145112683
4000MX,-1,EA,2T44701984,145112683
4001MX,-1,EA,2T44701984,145112683
0085MX,-3,EA,2T44701984,145112683
0370MX,-1,EA,2T44701984,145112683
3175MX,-1,EA,2T44701984,145112683
1926MX,-1,EA,2ZJ7076201,145112043
1065MX,-1,EA,2ZJ7076201,145112043
384KMX,-8,EA,2ZJ7074664,145109492
1610MX,-6,EA,2ZJ7074664,145109492
2631MX,-8,EA,2ZJ7074664,145109492
1065MX,-5,EA,2ZJ7074664,145109492
0774MX,-1,EA,2T44702363,145113030
0768MX,-1,EA,2T44702363,145113030
0899MX,-1,EA,2T44702363,145113030
2864MX,-1,EA,2ZJ7073210,145106772
103KMX,-2,EA,2ZJ7076374,145112298
1829MX,-1,EA,2ZJ7076374,145112298
2864MX,-3,EA,2ZJ7076374,145112298
384KMX,-1,EA,2ZJ7076101,145111842
0884MX,-1,EA,2ZJ7076101,145111842
1610MX,-1,EA,2ZJ7076101,145111842
0964MX,-2,EA,2ZJ7076101,145111842
0085MX,-2,EA,2ZJ7076101,145111842
0899MX,-1,EA,2ZJ7073781,145107873
1829MX,-2,EA,2T44665181,145048924
2631MX,-2,EA,2T44665181,145048924
1065MX,-1,EA,2T44665181,145048924
773AMX,-1,EA,2T44701048,145110235
1926MX,-1,EA,2T44701048,145110235
2631MX,-1,EA,2T44701048,145110235
4000MX,-1,EA,2T44701048,145110235
0085MX,-1,EA,2T44701048,145110235
0831MX,-1,EA,2ZJ7065678,145092832
0963MX,-1,EA,2ZJ7065678,145092832
0964MX,-2,EA,2ZJ7076540,145112582
0085MX,-1,EA,2ZJ7076540,145112582
384KMX,-1,EA,2ZJ7067070,145095636
0884MX,-1,EA,2ZJ7067070,145095636
1610MX,-2,EA,2ZJ7067070,145095636
2648MX,-1,EA,2ZJ7067070,145095636
1412MX,-1,EA,2ZJ7067070,145095636
2631MX,-2,EA,2ZJ7067070,145095636
2644MX,-1,EA,2ZJ7067070,145095636
1065MX,-1,EA,2ZJ7067070,145095636
0085MX,-2,EA,2ZJ7067070,145095636
W404MX,-1,EA,2ZJ7065563,145092658
690095,-1,EA,2ZJ7065563,145092658
298A,-1,EA,2ZJ7065563,145092658
4000MX,-1,EA,2ZJ7065563,145092658
9947MX,-1,EA,2ZJ7065563,145092658
8504MX,-1,EA,2ZJ7065563,145092658
7056MX,-1,EA,2ZJ7065563,145092658
1638MX,-1,EA,2T44702694,145113372
286LMX,-2,EA,2T44702694,145113372
103KMX,-2,EA,2T44702694,145113372
0884MX,-1,EA,2T44702694,145113372
0370MX,-1,EA,2T44702694,145113372
2864MX,-2,EA,2T44702694,145113372
282MMX,-2,EA,2T44702388,145113056
0963MX,-1,EA,2T44702388,145113056
1610MX,-1,EA,2ZJ7043327,145038736
2864MX,-1,EA,2ZJ7043327,145038736
1926MX,-1,EA,2ZJ7073199,145106735
0899MX,-1,EA,2ZJ7073199,145106735
4004MX,-1,EA,2ZJ7073199,145106735
1065MX,-1,EA,2ZJ7073199,145106735
0366MX,-1,EA,2T44694984,145096631
0413MX,-1,EA,2T44694984,145096631
0085MX,-1,EA,2T44694984,145096631
1155MX,-1,EA,2T44694984,145096631
044KMX,-1,EA,2ZJ7049592,145061182
0963MX,-1,EA,2ZJ7049592,145061182
0085MX,-1,EA,2ZJ7049592,145061182
3C35MX,-1,EA,2ZJ7076656,145113039
0364MX,-1,EA,2ZJ7073759,145107806
0884MX,-1,EA,2ZJ7066457,145094314
1610MX,-1,EA,2ZJ7066457,145094314
2131MX,-3,EA,2ZJ7066457,145094314
0963MX,-1,EA,2ZJ7066457,145094314
4002MX,-1,EA,2ZJ7066457,145094314
0085MX,-1,EA,2ZJ7066457,145094314
0565MX,-2,EA,2ZJ7066457,145094314
024KMX,-1,EA,2ZJ7076508,145112498
N487MX,-1,EA,2ZJ7076508,145112498
1473MX,-1,EA,2ZJ7076508,145112498
1412MX,-1,EA,2ZJ7076508,145112498
0771MX,-1,EA,2ZJ7076508,145112498
0768MX,-1,EA,2ZJ7076508,145112498
0899MX,-1,EA,2ZJ7076508,145112498
0767MX,-1,EA,2ZJ7076508,145112498
0773MX,-2,EA,2ZJ7076508,145112498
0772MX,-2,EA,2ZJ7076508,145112498
0770MX,-1,EA,2ZJ7076508,145112498
0766MX,-2,EA,2ZJ7076508,145112498
0765MX,-2,EA,2ZJ7076508,145112498
0413MX,-3,EA,2ZJ7076508,145112498
6124MX,-1,EA,2ZJ7076508,145112498
0039MX,-1,EA,2ZJ7076508,145112498
1061MX,-1,EA,2T44700837,145109752
0064MX,-1,EA,2T44700837,145109752
0964MX,-1,EA,2ZJ7075320,145110585
2864MX,-3,EA,2ZJ7075320,145110585
2864MX,-2,EA,2T44655014,145028440
384KMX,-1,EA,2ZJ7066577,145094608
0922MX,-1,EA,2ZJ7066577,145094608
2644MX,-1,EA,2ZJ7066577,145094608
0767MX,-1,EA,2ZJ7066577,145094608
4007MX,-1,EA,2ZJ7066577,145094608
4000MX,-1,EA,2ZJ7066577,145094608
0413MX,-2,EA,2ZJ7066577,145094608
3525MX,-1,EA,2ZJ7066577,145094608
1412MX,-1,EA,2T44694935,145096497
2864MX,-1,EA,2T44694935,145096497
0413MX,-1,EA,2ZJ7062565,145084159
2864MX,-1,EA,2T44700929,145109934
2864MX,-2,EA,2ZJ7067801,145096889
2864MX,-1,EA,2ZJ7075855,145111454
0032MX,-1,EA,2T44683374,145074824
0065MX,-1,EA,2T44683374,145074824
3121MX,-1,EA,2ZJ7074860,145109817
103KMX,-1,EA,2ZJ7074860,145109817
2131MX,-1,EA,2ZJ7074860,145109817
0964MX,-2,EA,2ZJ7074860,145109817
4000MX,-1,EA,2ZJ7074860,145109817
3525MX,-1,EA,2ZJ7074860,145109817
0085MX,-2,EA,2ZJ7074860,145109817
0370MX,-1,EA,2ZJ7074860,145109817
2864MX,-1,EA,2ZJ7074860,145109817
0032MX,-1,EA,2ZJ7074860,145109817
0065MX,-1,EA,2ZJ7074860,145109817
3115MX,-1,EA,2ZJ7074860,145109817
524LMX,-1,EA,2ZJ7038604,145028184
163LMX,-1,EA,2ZJ7038604,145028184
1065MX,-1,EA,2ZJ7038604,145028184
3C33MX,-1,EA,2ZJ7076629,145112966
849PMX,-1,EA,2ZJ7076629,145112966
0922MX,-1,EA,2ZJ7063285,145085377
0940MX,-1,EA,2ZJ7063285,145085377
4007MX,-1,EA,2ZJ7063285,145085377
1610MX,-1,EA,2T44696693,145100445
2864MX,-1,EA,2T44701722,145111962
690095,-1,EA,2T44702283,145113043
298A,-1,EA,2T44702283,145113043
4000MX,-1,EA,2T44702283,145113043
9947MX,-1,EA,2T44702283,145113043
0085MX,-1,EA,2T44702283,145113043
8504MX,-1,EA,2T44702283,145113043
7056MX,-1,EA,2T44702283,145113043
1412MX,-1,EA,2ZJ7064863,145091375
1188MX,-1,EA,2ZJ7075272,145110529
2864MX,-2,EA,2ZJ7075272,145110529
2864MX,-1,EA,2ZJ7070636,145102115
1412MX,-5,EA,2ZJ7074354,145108883
1412MX,-1,EA,2ZJ7074414,145108981
1412MX,-5,EA,2ZJ7074172,145108530
384KMX,-1,EA,2ZJ7066673,145094795
1829MX,-1,EA,2ZJ7066673,145094795
2131MX,-1,EA,2ZJ7066673,145094795
2631MX,-1,EA,2ZJ7066673,145094795
0964MX,-1,EA,2ZJ7066673,145094795
4002MX,-1,EA,2ZJ7066673,145094795
4007MX,-1,EA,2ZJ7066673,145094795
4000MX,-2,EA,2ZJ7066673,145094795
4001MX,-1,EA,2ZJ7066673,145094795
177MMX,-1,EA,2T44667339,145053392
289KMX,-1,EA,2T44667339,145053392
3121MX,-1,EA,2T44667339,145053392
1926MX,-1,EA,2T44667339,145053392
2364MX,-1,EA,2T44667339,145053392
0922MX,-1,EA,2T44667339,145053392
2864MX,-1,EA,2T44667339,145053392
2641MX,-2,EA,2ZJ7074290,145108773
0079MX,-1,EA,2T44702517,145113207
3175MX,-1,EA,2T44702517,145113207
2864MX,-1,EA,2ZJ7067044,145095484
0884MX,-1,EA,2ZJ7075170,145110355
1188MX,-1,EA,2ZJ7075170,145110355
0085MX,-1,EA,2ZJ7075170,145110355
690095,-1,EA,2T44702161,145112902
298A,-1,EA,2T44702161,145112902
4000MX,-1,EA,2T44702161,145112902
9947MX,-1,EA,2T44702161,145112902
0085MX,-1,EA,2T44702161,145112902
8504MX,-1,EA,2T44702161,145112902
7056MX,-1,EA,2T44702161,145112902
2641MX,-3,EA,2ZJ7074471,145109086
1412MX,-3,EA,2ZJ7074230,145108656
4000MX,-1,EA,2ZJ7074230,145108656
1829MX,-1,EA,2T44701561,145111568
0831MX,-2,EA,2T44701561,145111568
1473MX,-1,EA,2T44701561,145111568
2864MX,-1,EA,2T44701561,145111568
208KMX,-1,EA,2T44658398,145033215
384KMX,-1,EA,2T44658398,145033215
214MMX,-1,EA,2T44658398,145033215
177MMX,-1,EA,2T44658398,145033215
203MMX,-1,EA,2T44658398,145033215
289KMX,-1,EA,2T44658398,145033215
1120MX,-1,EA,2T44658398,145033215
0267MX,-1,EA,2T44658398,145033215
3121MX,-1,EA,2T44658398,145033215
1638MX,-1,EA,2T44658398,145033215
103KMX,-1,EA,2T44658398,145033215
030KMX,-1,EA,2T44658398,145033215
049KMX,-1,EA,2T44658398,145033215
044KMX,-1,EA,2T44658398,145033215
0884MX,-1,EA,2T44658398,145033215
1610MX,-1,EA,2T44658398,145033215
2648MX,-1,EA,2T44658398,145033215
1829MX,-1,EA,2T44658398,145033215
2131MX,-1,EA,2T44658398,145033215
1926MX,-1,EA,2T44658398,145033215
2555MX,-1,EA,2T44658398,145033215
2364MX,-1,EA,2T44658398,145033215
0831MX,-1,EA,2T44658398,145033215
2374MX,-1,EA,2T44658398,145033215
1473MX,-1,EA,2T44658398,145033215
1428MX,-1,EA,2T44658398,145033215
2631MX,-1,EA,2T44658398,145033215
0922MX,-1,EA,2T44658398,145033215
0964MX,-1,EA,2T44658398,145033215
0940MX,-2,EA,2T44658398,145033215
4002MX,-1,EA,2T44658398,145033215
4007MX,-1,EA,2T44658398,145033215
4004MX,-1,EA,2T44658398,145033215
4000MX,-1,EA,2T44658398,145033215
4001MX,-1,EA,2T44658398,145033215
0366MX,-1,EA,2T44658398,145033215
0364MX,-1,EA,2T44658398,145033215
3146MX,-1,EA,2T44658398,145033215
3525MX,-1,EA,2T44658398,145033215
1065MX,-1,EA,2T44658398,145033215
0085MX,-1,EA,2T44658398,145033215
2864MX,-1,EA,2T44658398,145033215
3175MX,-1,EA,2T44658398,145033215
2864MX,-1,EA,2T44701870,145112332
1412MX,-1,EA,2T44701708,145111938
384KMX,-6,EA,2ZJ7066460,145094328
1610MX,-1,EA,2ZJ7063145,145085154
2631MX,-1,EA,2ZJ7063145,145085154
030KMX,-1,EA,2ZJ7053229,145067432
049KMX,-1,EA,2ZJ7053229,145067432
0884MX,-2,EA,2ZJ7053229,145067432
2555MX,-1,EA,2ZJ7053229,145067432
0940MX,-2,EA,2ZJ7053229,145067432
4002MX,-1,EA,2ZJ7053229,145067432
4007MX,-2,EA,2ZJ7053229,145067432
4000MX,-2,EA,2ZJ7053229,145067432
4001MX,-1,EA,2ZJ7053229,145067432
2864MX,-2,EA,2ZJ7053229,145067432
609391,-1,EA,2ZJ7076461,145112452
481SMX,-1,EA,2ZJ7076573,145112614
3C34MX,-1,EA,2ZJ7076417,145112365
384KMX,-3,EA,2ZJ7075894,145111517
0831MX,-2,EA,2ZJ7075894,145111517
0940MX,-1,EA,2ZJ7075894,145111517
0065MX,-1,EA,2ZJ7075894,145111517
3C32MX,-1,EA,2ZJ7076604,145112751
384KMX,-2,EA,2ZJ7069706,145100418
3146MX,-1,EA,2ZJ7069706,145100418
0032MX,-1,EA,2ZJ7069706,145100418
1155MX,-1,EA,2ZJ7069706,145100418
0077MX,-1,EA,2ZJ7069706,145100418
384KMX,-4,EA,2T44699625,145107168
049KMX,-5,EA,2T44699625,145107168
1610MX,-5,EA,2T44699625,145107168
2631MX,-13,EA,2T44699625,145107168
0922MX,-5,EA,2T44699625,145107168
4002MX,-4,EA,2T44699625,145107168
4004MX,-6,EA,2T44699625,145107168
4000MX,-9,EA,2T44699625,145107168
1188MX,-2,EA,2T44699625,145107168
0085MX,-6,EA,2T44699625,145107168
0884MX,-5,EA,2T44702034,145112678
0940MX,-5,EA,2T44702034,145112678
4007MX,-2,EA,2T44702034,145112678
4001MX,-2,EA,2T44702034,145112678
2864MX,-12,EA,2T44702034,145112678
524LMX,-1,EA,2ZJ7075162,145110327
163LMX,-1,EA,2ZJ7075162,145110327
0085MX,-1,EA,2ZJ7075162,145110327
1065MX,-1,EA,2T44701026,145110394
0085MX,-1,EA,2T44701026,145110394
0032MX,-2,EA,2T44701026,145110394
0065MX,-2,EA,2T44701026,145110394
2631MX,-1,EA,2T44701910,145112449
466LMX,-1,EA,2T44698347,145104195
2131MX,-1,EA,2T44698347,145104195
2864MX,-1,EA,2T44700528,145109054
1188MX,-1,EA,2ZJ7037987,145027122
1065MX,-1,EA,2ZJ7037987,145027122
0085MX,-1,EA,2ZJ7037987,145027122
0413MX,-2,EA,2ZJ7073678,145107668
2864MX,-2,EA,2ZJ7073678,145107668
1829MX,-1,EA,2ZJ7060353,145080437
2131MX,-1,EA,2ZJ7060353,145080437
0940MX,-1,EA,2ZJ7060353,145080437
1926MX,-4,EA,2ZJ7075171,145110345
2555MX,-1,EA,2ZJ7075171,145110345
4002MX,-1,EA,2ZJ7075171,145110345
4007MX,-1,EA,2ZJ7075171,145110345
0364MX,-1,EA,2ZJ7075171,145110345
2864MX,-2,EA,2ZJ7075171,145110345
2864MX,-1,EA,2ZJ7071115,145102995
2131MX,-1,EA,2T44701387,145111172
0831MX,-1,EA,2T44701387,145111172
0085MX,-1,EA,2T44701387,145111172
2864MX,-3,EA,2ZJ7043398,145038849
384KMX,-1,EA,2ZJ7074373,145108907
3121MX,-1,EA,2ZJ7074373,145108907
1638MX,-1,EA,2ZJ7074373,145108907
1829MX,-1,EA,2ZJ7074373,145108907
2364MX,-1,EA,2ZJ7074373,145108907
1412MX,-1,EA,2ZJ7074373,145108907
0766MX,-1,EA,2ZJ7074373,145108907
4007MX,-1,EA,2ZJ7074373,145108907
4000MX,-1,EA,2ZJ7074373,145108907
0366MX,-1,EA,2ZJ7074373,145108907
1065MX,-1,EA,2ZJ7074373,145108907
3123MX,-1,EA,2ZJ7074373,145108907
0065MX,-1,EA,2ZJ7074373,145108907
384KMX,-1,EA,2ZJ7052688,145066536
030KMX,-1,EA,2ZJ7052688,145066536
1926MX,-1,EA,2ZJ7052688,145066536
2374MX,-1,EA,2ZJ7052688,145066536
0963MX,-1,EA,2ZJ7052688,145066536
0085MX,-1,EA,2ZJ7052688,145066536
2864MX,-1,EA,2ZJ7052688,145066536
208KMX,-3,EA,2ZJ7076524,145112531
2648MX,-2,EA,2ZJ7076524,145112531
1926MX,-2,EA,2ZJ7076524,145112531
0964MX,-4,EA,2ZJ7076524,145112531
2644MX,-1,EA,2ZJ7076524,145112531
0085MX,-2,EA,2ZJ7076524,145112531
1412MX,-1,EA,2ZJ7070941,145102699
1428MX,-1,EA,2ZJ7073522,145107432
690095,-1,EA,2T44702103,145112793
298A,-1,EA,2T44702103,145112793
4000MX,-1,EA,2T44702103,145112793
9947MX,-1,EA,2T44702103,145112793
0085MX,-1,EA,2T44702103,145112793
8504MX,-1,EA,2T44702103,145112793
7056MX,-1,EA,2T44702103,145112793
208KMX,-1,EA,2ZJ7062221,145083565
1638MX,-2,EA,2ZJ7062221,145083565
0964MX,-1,EA,2ZJ7062221,145083565
030KMX,-3,EA,2T44701596,145111639
049KMX,-1,EA,2T44701596,145111639
0884MX,-3,EA,2T44701596,145111639
2555MX,-1,EA,2T44701596,145111639
0831MX,-1,EA,2T44701596,145111639
1473MX,-2,EA,2T44701596,145111639
1412MX,-1,EA,2T44701596,145111639
4007MX,-1,EA,2T44701596,145111639
4000MX,-1,EA,2T44701596,145111639
4001MX,-3,EA,2T44701596,145111639
2641MX,-3,EA,2T44701596,145111639
2864MX,-2,EA,2T44701596,145111639
0065MX,-1,EA,2T44701596,145111639
3115MX,-1,EA,2T44701596,145111639
463LMX,-1,EA,2T44686912,145082709
4000MX,-1,EA,2T44686912,145082709
384KMX,-1,EA,2T44695808,145098504
2864MX,-2,EA,2T44695808,145098504
3115MX,-1,EA,2T44695808,145098504
384KMX,-1,EA,2ZJ7067754,145096801
524LMX,-1,EA,2ZJ7067754,145096801
2131MX,-2,EA,2ZJ7067754,145096801
0963MX,-1,EA,2ZJ7067754,145096801
0940MX,-1,EA,2ZJ7067754,145096801
0413MX,-1,EA,2ZJ7067754,145096801
1610MX,-1,EA,2T44701011,145110152
2631MX,-1,EA,2T44701011,145110152
1065MX,-1,EA,2T44701011,145110152
1829MX,-1,EA,2T44701431,145111267
0773MX,-2,EA,2T44701431,145111267
0772MX,-2,EA,2T44701431,145111267
0413MX,-2,EA,2T44701431,145111267
1638MX,-3,EA,2ZJ7071204,145103228
384KMX,-2,EA,2ZJ7073194,145106802
0831MX,-1,EA,2ZJ7073194,145106802
4004MX,-1,EA,2ZJ7073194,145106802
0370MX,-1,EA,2ZJ7073194,145106802
0267MX,-1,EA,2T44648418,145012782
2374MX,-1,EA,2T44648418,145012782
0922MX,-1,EA,2T44648418,145012782
2644MX,-1,EA,2T44648418,145012782
2641MX,-1,EA,2T44648418,145012782
3175MX,-1,EA,2T44648418,145012782
1473MX,-1,EA,2ZJ7068482,145098131
4002MX,-1,EA,2ZJ7068482,145098131
2864MX,-2,EA,2ZJ7068482,145098131
0884MX,-2,EA,2ZJ7071579,145103802
2631MX,-4,EA,2ZJ7071579,145103802
4002MX,-2,EA,2ZJ7071579,145103802
4000MX,-1,EA,2ZJ7071579,145103802
4001MX,-2,EA,2ZJ7071579,145103802
3119MX,-5,EA,2ZJ7071579,145103802
1065MX,-4,EA,2ZJ7071579,145103802
0565MX,-1,EA,2ZJ7071579,145103802
384KMX,-5,EA,2ZJ7065813,145093115
2131MX,-13,EA,2ZJ7065813,145093115
0565MX,-1,EA,2ZJ7065813,145093115
0413MX,-2,EA,2ZJ7072357,145105221
0064MX,-1,EA,2ZJ7072357,145105221
384KMX,-2,EA,2ZJ7063417,145085591
0922MX,-1,EA,2ZJ7063417,145085591
0413MX,-1,EA,2ZJ7063417,145085591
3525MX,-2,EA,2ZJ7063417,145085591
1065MX,-2,EA,2ZJ7063417,145085591
2864MX,-1,EA,2ZJ7061638,145082565
384KMX,-3,EA,2ZJ7055295,145071166
289KMX,-1,EA,2ZJ7055295,145071166
3121MX,-1,EA,2ZJ7055295,145071166
103KMX,-1,EA,2ZJ7055295,145071166
101KMX,-2,EA,2ZJ7055295,145071166
030KMX,-2,EA,2ZJ7055295,145071166
049KMX,-2,EA,2ZJ7055295,145071166
044KMX,-2,EA,2ZJ7055295,145071166
0884MX,-2,EA,2ZJ7055295,145071166
1610MX,-2,EA,2ZJ7055295,145071166
2648MX,-2,EA,2ZJ7055295,145071166
2131MX,-4,EA,2ZJ7055295,145071166
1926MX,-2,EA,2ZJ7055295,145071166
0831MX,-1,EA,2ZJ7055295,145071166
1061MX,-2,EA,2ZJ7055295,145071166
2631MX,-3,EA,2ZJ7055295,145071166
0964MX,-3,EA,2ZJ7055295,145071166
4007MX,-2,EA,2ZJ7055295,145071166
4000MX,-2,EA,2ZJ7055295,145071166
4001MX,-3,EA,2ZJ7055295,145071166
3119MX,-1,EA,2ZJ7055295,145071166
1188MX,-1,EA,2ZJ7055295,145071166
0079MX,-1,EA,2ZJ7055295,145071166
1065MX,-2,EA,2ZJ7055295,145071166
0085MX,-4,EA,2ZJ7055295,145071166
1094MX,-2,EA,2ZJ7055295,145071166
0565MX,-2,EA,2ZJ7055295,145071166
2864MX,-1,EA,2ZJ7055295,145071166
0032MX,-1,EA,2ZJ7055295,145071166
3175MX,-1,EA,2ZJ7055295,145071166
384KMX,-1,EA,2T44655922,145029410
4000MX,-1,EA,2T44655922,145029410
4001MX,-2,EA,2T44655922,145029410
0085MX,-2,EA,2T44655922,145029410
0370MX,-2,EA,2T44655922,145029410
2864MX,-3,EA,2T44655922,145029410
384KMX,-12,EA,2ZJ7061519,145082859
1638MX,-2,EA,2ZJ7061519,145082859
1610MX,-3,EA,2ZJ7061519,145082859
1926MX,-3,EA,2ZJ7061519,145082859
1412MX,-1,EA,2ZJ7061519,145082859
2631MX,-3,EA,2ZJ7061519,145082859
0366MX,-2,EA,2ZJ7061519,145082859
0364MX,-5,EA,2ZJ7061519,145082859
3525MX,-10,EA,2ZJ7061519,145082859
1188MX,-3,EA,2ZJ7061519,145082859
1065MX,-6,EA,2ZJ7061519,145082859
0370MX,-2,EA,2ZJ7061519,145082859
282MMX,-1,EA,2ZJ7052160,145065629
1412MX,-1,EA,2ZJ7052160,145065629
2864MX,-1,EA,2ZJ7066319,145094045
0963MX,-1,EA,2T44701323,145110965
384KMX,-3,EA,2T44701362,145111091
1638MX,-1,EA,2T44701362,145111091
030KMX,-1,EA,2T44701362,145111091
049KMX,-1,EA,2T44701362,145111091
1610MX,-1,EA,2T44701362,145111091
1412MX,-2,EA,2T44701362,145111091
2631MX,-2,EA,2T44701362,145111091
0922MX,-1,EA,2T44701362,145111091
0964MX,-1,EA,2T44701362,145111091
0940MX,-1,EA,2T44701362,145111091
2644MX,-1,EA,2T44701362,145111091
4007MX,-1,EA,2T44701362,145111091
4004MX,-1,EA,2T44701362,145111091
4000MX,-1,EA,2T44701362,145111091
4001MX,-1,EA,2T44701362,145111091
0366MX,-1,EA,2T44701362,145111091
0364MX,-1,EA,2T44701362,145111091
3119MX,-2,EA,2T44701362,145111091
2641MX,-1,EA,2T44701362,145111091
3525MX,-1,EA,2T44701362,145111091
1188MX,-1,EA,2T44701362,145111091
0085MX,-1,EA,2T44701362,145111091
3175MX,-1,EA,2T44701362,145111091
1610MX,-1,EA,2ZJ7063586,145085869
1829MX,-1,EA,2ZJ7063586,145085869
2364MX,-1,EA,2ZJ7063586,145085869
0831MX,-1,EA,2ZJ7063586,145085869
1473MX,-1,EA,2ZJ7063586,145085869
0922MX,-1,EA,2ZJ7063586,145085869
0774MX,-1,EA,2ZJ7063586,145085869
1412MX,-1,EA,2T44699911,145107735
1120MX,-1,EA,2ZJ7043972,145039699
0085MX,-1,EA,2ZJ7043972,145039699
2864MX,-2,EA,2ZJ7043972,145039699
0565MX,-2,EA,2ZJ7052042,145065389
0032MX,-1,EA,2ZJ7052042,145065389
0065MX,-1,EA,2ZJ7052042,145065389
0884MX,-2,EA,2ZJ7075946,145111607
1926MX,-4,EA,2ZJ7075946,145111607
0831MX,-1,EA,2ZJ7075946,145111607
2631MX,-3,EA,2ZJ7075946,145111607
0964MX,-1,EA,2ZJ7075946,145111607
4007MX,-2,EA,2ZJ7075946,145111607
4004MX,-1,EA,2ZJ7075946,145111607
4000MX,-2,EA,2ZJ7075946,145111607
4001MX,-2,EA,2ZJ7075946,145111607
0366MX,-3,EA,2ZJ7075946,145111607
1095MX,-1,EA,2ZJ7075946,145111607
0079MX,-1,EA,2ZJ7075946,145111607
1065MX,-3,EA,2ZJ7075946,145111607
2864MX,-2,EA,2ZJ7075946,145111607
1155MX,-1,EA,2ZJ7075946,145111607
1188MX,-1,EA,2ZJ7074770,145109668
3119MX,-1,EA,2T44701322,145110964
0085MX,-1,EA,2T44701322,145110964
1610MX,-1,EA,2T44700501,145108999
4001MX,-1,EA,2T44700501,145108999
3175MX,-1,EA,2T44700501,145108999
0964MX,-1,EA,2ZJ7075649,145111092
0899MX,-1,EA,2ZJ7075649,145111092
0773MX,-1,EA,2ZJ7075649,145111092
0772MX,-1,EA,2ZJ7075649,145111092
0766MX,-1,EA,2ZJ7075649,145111092
384KMX,-4,EA,2T44701686,145111878
1829MX,-1,EA,2T44701686,145111878
2555MX,-1,EA,2T44701686,145111878
2864MX,-1,EA,2T44701686,145111878
3121MX,-5,EA,2ZJ7071182,145103145
1638MX,-4,EA,2ZJ7071182,145103145
2131MX,-2,EA,2ZJ7071182,145103145
0963MX,-2,EA,2ZJ7071182,145103145
0940MX,-2,EA,2ZJ7071182,145103145
4000MX,-2,EA,2ZJ7071182,145103145
4001MX,-2,EA,2ZJ7071182,145103145
3119MX,-10,EA,2ZJ7071182,145103145
3525MX,-2,EA,2ZJ7071182,145103145
0085MX,-2,EA,2ZJ7071182,145103145
0077MX,-1,EA,2ZJ7071182,145103145
384KMX,-2,EA,2T44698845,145105322
1412MX,-1,EA,2ZJ7073834,145107969
384KMX,-10,EA,2ZJ7068637,145098433
0884MX,-1,EA,2ZJ7068637,145098433
0413MX,-1,EA,2ZJ7068637,145098433
0079MX,-2,EA,2ZJ7068637,145098433
0085MX,-6,EA,2ZJ7068637,145098433
3150MX,-1,EA,2ZJ7068637,145098433
0039MX,-2,EA,2ZJ7068637,145098433
208KMX,-1,EA,2T44701125,145110457
384KMX,-1,EA,2T44701125,145110457
2648MX,-1,EA,2T44701125,145110457
0940MX,-1,EA,2T44701125,145110457
4000MX,-1,EA,2T44701125,145110457
4001MX,-1,EA,2T44701125,145110457
2864MX,-1,EA,2T44691042,145089112
3150MX,-2,EA,2ZJ7074782,145109688
0039MX,-1,EA,2ZJ7074782,145109688
384KMX,-2,EA,2T44701339,145111004
1638MX,-1,EA,2T44701339,145111004
1610MX,-3,EA,2T44701339,145111004
2131MX,-2,EA,2T44701339,145111004
0831MX,-1,EA,2T44701339,145111004
2374MX,-1,EA,2T44701339,145111004
2631MX,-1,EA,2T44701339,145111004
0963MX,-6,EA,2T44701339,145111004
3119MX,-2,EA,2T44701339,145111004
2641MX,-1,EA,2T44701339,145111004
1065MX,-1,EA,2T44701339,145111004
1094MX,-1,EA,2T44701339,145111004
0370MX,-2,EA,2T44701339,145111004
2864MX,-1,EA,2T44701339,145111004
3175MX,-1,EA,2T44701339,145111004
282MMX,-1,EA,2ZJ7075393,145110700
0413MX,-5,EA,2ZJ7074054,145108311
2864MX,-5,EA,2ZJ7074054,145108311
0032MX,-5,EA,2ZJ7074054,145108311
0065MX,-5,EA,2ZJ7074054,145108311
1412MX,-1,EA,2ZJ7063879,145086326
1412MX,-3,EA,2ZJ7066575,145094590
0766MX,-1,EA,2ZJ7066575,145094590
0899MX,-1,EA,2ZJ7062300,145083695
0413MX,-1,EA,2ZJ7062300,145083695
2864MX,-3,EA,2ZJ7062300,145083695
1412MX,-1,EA,2ZJ7067046,145095499
684NMX,-1,EA,2T44657465,145031140
682NMX,-1,EA,2T44657465,145031140
602797,-1,EA,2T44657465,145031140
602760,-1,EA,2T44657465,145031140
2864MX,-1,EA,2T44657465,145031140
1610MX,-3,EA,2ZJ7073694,145107731
0413MX,-1,EA,2ZJ7073694,145107731
0940MX,-1,EA,2ZJ7075287,145110548
1610MX,-2,EA,2ZJ7066950,145095307
0085MX,-1,EA,2ZJ7066950,145095307
384KMX,-1,EA,2ZJ7067444,145096241
2631MX,-1,EA,2ZJ7067444,145096241
4001MX,-1,EA,2ZJ7067444,145096241
2864MX,-1,EA,2ZJ7067444,145096241
1926MX,-1,EA,2T44696264,145099483
4007MX,-1,EA,2T44696264,145099483
2648MX,-1,EA,50H5443684,145110296
1473MX,-1,EA,50H5443684,145110296
2631MX,-1,EA,50H5443684,145110296
4000MX,-1,EA,50H5443684,145110296
0085MX,-1,EA,50H5443684,145110296
0565MX,-2,EA,50H5443684,145110296
3115MX,-2,EA,50H5443684,145110296
1473MX,-1,EA,2ZJ7040742,145034713
0964MX,-1,EA,2ZJ7040742,145034713
4002MX,-1,EA,2ZJ7040742,145034713
1065MX,-1,EA,2ZJ7040742,145034713
2864MX,-1,EA,2ZJ7040742,145034713
0831MX,-1,EA,2ZJ7075495,145110846
4004MX,-1,EA,2ZJ7075495,145110846
2864MX,-1,EA,2ZJ7075495,145110846
0899MX,-1,EA,2ZJ7074812,145109739
0765MX,-2,EA,2ZJ7074812,145109739
2864MX,-1,EA,2ZJ7074812,145109739
384KMX,-6,EA,2T44690018,145088169
030KMX,-3,EA,2T44690018,145088169
0884MX,-2,EA,2T44690018,145088169
2555MX,-3,EA,2T44690018,145088169
2631MX,-12,EA,2T44690018,145088169
0940MX,-6,EA,2T44690018,145088169
4002MX,-3,EA,2T44690018,145088169
4007MX,-6,EA,2T44690018,145088169
4000MX,-6,EA,2T44690018,145088169
4001MX,-2,EA,2T44690018,145088169
1065MX,-6,EA,2T44690018,145088169
3175MX,-3,EA,2T44690018,145088169
1638MX,-3,EA,2ZJ7073559,145107442
2864MX,-2,EA,2ZJ7073559,145107442
101KMX,-1,EA,2T44690359,145088588
030KMX,-1,EA,2T44690359,145088588
299A,-10,EA,2T44690359,145088588
3525MX,-1,EA,2T44690359,145088588
3119MX,-1,EA,2ZJ7072910,145106270
694NMX,-1,EA,2ZJ7072893,145106182
693NMX,-1,EA,2ZJ7072893,145106182
683NMX,-1,EA,2ZJ7072893,145106182
044KMX,-1,EA,2ZJ7072893,145106182
0884MX,-1,EA,2ZJ7072893,145106182
2131MX,-1,EA,2ZJ7072893,145106182
0831MX,-1,EA,2ZJ7072893,145106182
0922MX,-1,EA,2ZJ7072893,145106182
0964MX,-1,EA,2ZJ7072893,145106182
602797,-1,EA,2ZJ7072893,145106182
602772,-1,EA,2ZJ7072893,145106182
602775,-1,EA,2ZJ7072893,145106182
0831MX,-3,EA,2T44701291,145111147
1061MX,-1,EA,2T44701291,145111147
0366MX,-1,EA,2T44701291,145111147
0364MX,-2,EA,2T44701291,145111147
3119MX,-2,EA,2T44701291,145111147
0370MX,-1,EA,2T44701291,145111147
2864MX,-4,EA,2T44701291,145111147
0077MX,-1,EA,2T44701291,145111147
0065MX,-1,EA,2T44701291,145111147
0922MX,-1,EA,2T44701161,145110550
N487MX,-12,EA,2ZJ7066246,145093913
6124MX,-2,EA,2ZJ7066246,145093913
1412MX,-1,EA,2T44701231,145110716
384KMX,-2,EA,2ZJ7075466,145110814
1926MX,-2,EA,2ZJ7075466,145110814
2555MX,-1,EA,2ZJ7075466,145110814
0831MX,-1,EA,2ZJ7075466,145110814
4001MX,-2,EA,2ZJ7075466,145110814
3119MX,-3,EA,2ZJ7075466,145110814
3525MX,-5,EA,2ZJ7075466,145110814
286LMX,-10,EA,2ZJ7064941,145091579
0831MX,-1,EA,2ZJ7064941,145091579
2864MX,-2,EA,2ZJ7064941,145091579
0768MX,-1,EA,2ZJ7068948,145099010
0413MX,-1,EA,2ZJ7068948,145099010
0413MX,-1,EA,2ZJ7072079,145104722
2131MX,-5,EA,2T44685167,145078773
0964MX,-1,EA,2ZJ7071271,145103278
2641MX,-1,EA,2ZJ7071271,145103278
0565MX,-1,EA,2ZJ7071271,145103278
0065MX,-1,EA,2ZJ7071271,145103278
0831MX,-1,EA,2ZJ7073997,145108215
2631MX,-2,EA,2ZJ7073997,145108215
0940MX,-1,EA,2ZJ7073997,145108215
0085MX,-3,EA,2ZJ7073997,145108215
2864MX,-3,EA,2ZJ7073997,145108215
049KMX,-1,EA,2ZJ7045504,145041830
1155MX,-1,EA,2ZJ7045504,145041830
384KMX,-2,EA,2T44700878,145109833
0964MX,-1,EA,2T44700878,145109833
1428MX,-1,EA,2T44696966,145101043
1638MX,-5,EA,2ZJ7074515,145109168
0831MX,-4,EA,2ZJ7074515,145109168
2631MX,-16,EA,2ZJ7074515,145109168
3119MX,-3,EA,2ZJ7074515,145109168
0565MX,-3,EA,2ZJ7074515,145109168
1155MX,-2,EA,2ZJ7074515,145109168
103KMX,-2,EA,2T44696592,145100226
1926MX,-2,EA,2T44696592,145100226
0831MX,-1,EA,2T44696592,145100226
652LMX,-1,EA,2ZJ7074732,145109595
849PMX,-1,EA,2ZJ7074732,145109595
0884MX,-1,EA,2ZJ7068489,145098149
1926MX,-1,EA,2ZJ7068489,145098149
2644MX,-1,EA,2ZJ7068489,145098149
4007MX,-1,EA,2ZJ7068489,145098149
2864MX,-1,EA,2ZJ7068489,145098149
1829MX,-1,EA,2ZJ7071162,145103087
384KMX,-5,EA,2T44680574,145068512
1638MX,-1,EA,2T44680574,145068512
1610MX,-10,EA,2T44680574,145068512
0964MX,-1,EA,2T44680574,145068512
1065MX,-2,EA,2T44680574,145068512
0085MX,-2,EA,2T44680574,145068512
2631MX,-1,EA,2ZJ7074642,145109430
0413MX,-1,EA,2ZJ7074642,145109430
0064MX,-1,EA,2ZJ7074642,145109430
2864MX,-2,EA,2ZJ7074642,145109430
0413MX,-1,EA,2ZJ7065580,145092653
609391,-1,EA,2T44696477,145099954
1412MX,-2,EA,2T44696477,145099954
2864MX,-1,EA,2T44696477,145099954
0771MX,-1,EA,2T44691769,145089869
0768MX,-1,EA,2T44691769,145089869
0899MX,-1,EA,2T44691769,145089869
0767MX,-1,EA,2T44691769,145089869
0773MX,-1,EA,2T44691769,145089869
0772MX,-1,EA,2T44691769,145089869
0770MX,-1,EA,2T44691769,145089869
0766MX,-1,EA,2T44691769,145089869
2864MX,-2,EA,2ZJ7067367,145096107
3121MX,-5,EA,2T44700479,145108962
1610MX,-7,EA,2T44700479,145108962
1829MX,-5,EA,2T44700479,145108962
1926MX,-7,EA,2T44700479,145108962
2374MX,-5,EA,2T44700479,145108962
0922MX,-5,EA,2T44700479,145108962
2641MX,-4,EA,2T44700479,145108962
2864MX,-7,EA,2T44700479,145108962
2631MX,-5,EA,2ZJ7073656,145107624
481SMX,-1,EA,2ZJ7074997,145110070
4007MX,-2,EA,2T44700603,145109217
4004MX,-4,EA,2T44700603,145109217
4000MX,-3,EA,2T44700603,145109217
2864MX,-2,EA,2ZJ7066592,145094661
2864MX,-2,EA,2ZJ7074776,145109677
384KMX,-1,EA,2T44690613,145088726
1926MX,-1,EA,2T44690613,145088726
3119MX,-1,EA,2T44690613,145088726
0065MX,-1,EA,2T44690613,145088726
384KMX,-1,EA,2ZJ7056218,145072830
0085MX,-1,EA,2ZJ7056218,145072830
384KMX,-2,EA,2ZJ7060001,145079669
0267MX,-1,EA,2ZJ7060001,145079669
0831MX,-1,EA,2ZJ7060001,145079669
0366MX,-1,EA,2ZJ7060001,145079669
2864MX,-1,EA,2ZJ7060001,145079669
3175MX,-1,EA,2ZJ7060001,145079669
384KMX,-1,EA,2T44700996,145110130
2631MX,-1,EA,2T44700996,145110130
0963MX,-1,EA,2T44700996,145110130
4002MX,-1,EA,2ZJ7074902,145109895
1638MX,-1,EA,2T44646520,145007959
4000MX,-1,EA,2T44646520,145007959
1065MX,-1,EA,2T44646520,145007959
3123MX,-1,EA,2T44646520,145007959
384KMX,-10,EA,2ZJ7073426,145107275
1926MX,-10,EA,2ZJ7073426,145107275
0964MX,-1,EA,2ZJ7073426,145107275
2644MX,-1,EA,2ZJ7073426,145107275
4002MX,-1,EA,2ZJ7073426,145107275
4000MX,-5,EA,2ZJ7073426,145107275
0085MX,-24,EA,2ZJ7073426,145107275
1412MX,-2,EA,2T44700278,145108572
0565MX,-1,EA,2T44700278,145108572
2864MX,-1,EA,2T44686910,145082788
4000MX,-1,EA,2ZJ7068161,145097519
0413MX,-1,EA,2ZJ7068161,145097519
426MMX,-1,EA,2ZJ7044048,145039803
282MMX,-2,EA,2ZJ7044048,145039803
2864MX,-2,EA,2ZJ7044048,145039803
1638MX,-1,EA,2T44679969,145066979
384KMX,-1,EA,2ZJ7072504,145105492
1638MX,-2,EA,2ZJ7072504,145105492
049KMX,-1,EA,2ZJ7072504,145105492
0884MX,-1,EA,2ZJ7072504,145105492
1829MX,-1,EA,2ZJ7072504,145105492
2555MX,-1,EA,2ZJ7072504,145105492
4007MX,-1,EA,2ZJ7072504,145105492
3525MX,-1,EA,2ZJ7072504,145105492
0085MX,-2,EA,2ZJ7072504,145105492
2864MX,-3,EA,2ZJ7072504,145105492
3175MX,-1,EA,2ZJ7072504,145105492
2374MX,-1,EA,2ZJ7066501,145094443
0922MX,-2,EA,2ZJ7066501,145094443
0964MX,-24,EA,2ZJ7066501,145094443
4007MX,-6,EA,2ZJ7066501,145094443
4001MX,-6,EA,2ZJ7066501,145094443
0366MX,-1,EA,2ZJ7066501,145094443
0364MX,-1,EA,2ZJ7066501,145094443
0565MX,-1,EA,2ZJ7066501,145094443
049KMX,-2,EA,2ZJ7057286,145074738
0884MX,-2,EA,2ZJ7057286,145074738
1610MX,-1,EA,2ZJ7057286,145074738
1926MX,-2,EA,2ZJ7057286,145074738
0831MX,-2,EA,2ZJ7057286,145074738
2374MX,-2,EA,2ZJ7057286,145074738
1473MX,-2,EA,2ZJ7057286,145074738
2631MX,-3,EA,2ZJ7057286,145074738
0940MX,-2,EA,2ZJ7057286,145074738
4007MX,-2,EA,2ZJ7057286,145074738
1065MX,-3,EA,2ZJ7057286,145074738
0085MX,-10,EA,2ZJ7057286,145074738
0032MX,-3,EA,2ZJ7057286,145074738
0065MX,-2,EA,2ZJ7057286,145074738
524LMX,-1,EA,2ZJ7072206,145104900
773AMX,-1,EA,2ZJ7072206,145104900
1638MX,-1,EA,2T44683292,145074640
2631MX,-3,EA,2T44683292,145074640
0922MX,-1,EA,2T44683292,145074640
4002MX,-1,EA,2T44683292,145074640
4000MX,-1,EA,2T44683292,145074640
1065MX,-1,EA,2T44683292,145074640
0370MX,-1,EA,2T44683292,145074640
0065MX,-1,EA,2T44683292,145074640
384KMX,-1,EA,2T44688219,145085830
0963MX,-1,EA,2T44688219,145085830
208KMX,-1,EA,2ZJ7050098,145062059
3121MX,-2,EA,2ZJ7050098,145062059
101KMX,-1,EA,2ZJ7050098,145062059
049KMX,-1,EA,2ZJ7050098,145062059
1610MX,-1,EA,2ZJ7050098,145062059
2648MX,-1,EA,2ZJ7050098,145062059
1926MX,-1,EA,2ZJ7050098,145062059
2631MX,-1,EA,2ZJ7050098,145062059
0963MX,-2,EA,2ZJ7050098,145062059
2644MX,-2,EA,2ZJ7050098,145062059
4002MX,-1,EA,2ZJ7050098,145062059
0064MX,-1,EA,2ZJ7050098,145062059
0085MX,-2,EA,2ZJ7050098,145062059
1155MX,-1,EA,2ZJ7050098,145062059
0065MX,-1,EA,2ZJ7050098,145062059
384KMX,-1,EA,2ZJ7072394,145105308
3121MX,-6,EA,2ZJ7072394,145105308
0884MX,-3,EA,2ZJ7072394,145105308
1610MX,-1,EA,2ZJ7072394,145105308
2555MX,-1,EA,2ZJ7072394,145105308
2631MX,-2,EA,2ZJ7072394,145105308
0964MX,-5,EA,2ZJ7072394,145105308
4002MX,-2,EA,2ZJ7072394,145105308
4007MX,-1,EA,2ZJ7072394,145105308
4000MX,-6,EA,2ZJ7072394,145105308
4001MX,-1,EA,2ZJ7072394,145105308
0366MX,-3,EA,2ZJ7072394,145105308
0364MX,-3,EA,2ZJ7072394,145105308
3119MX,-6,EA,2ZJ7072394,145105308
1065MX,-1,EA,2ZJ7072394,145105308
0085MX,-4,EA,2ZJ7072394,145105308
0267MX,-1,EA,2ZJ7066646,145094750
2631MX,-1,EA,2ZJ7066646,145094750
0064MX,-1,EA,2ZJ7066646,145094750
1155MX,-1,EA,2ZJ7066646,145094750
0065MX,-2,EA,2ZJ7066646,145094750
049KMX,-1,EA,2ZJ7037692,145026602
1610MX,-2,EA,2ZJ7037692,145026602
2131MX,-1,EA,2ZJ7037692,145026602
2555MX,-1,EA,2ZJ7037692,145026602
2364MX,-1,EA,2ZJ7037692,145026602
1412MX,-2,EA,2ZJ7037692,145026602
2631MX,-1,EA,2ZJ7037692,145026602
4007MX,-1,EA,2ZJ7037692,145026602
0366MX,-1,EA,2ZJ7037692,145026602
3525MX,-1,EA,2ZJ7037692,145026602
2864MX,-1,EA,2T44700397,145108814
0831MX,-1,EA,2ZJ7071929,145104462
0413MX,-2,EA,2ZJ7071929,145104462
2864MX,-1,EA,2ZJ7071929,145104462
384KMX,-1,EA,2T44698094,145103571
1412MX,-1,EA,2T44698094,145103571
0940MX,-1,EA,2T44698094,145103571
0765MX,-1,EA,2ZJ7050544,145062814
384KMX,-1,EA,2T44700672,145109452
1926MX,-1,EA,2T44700672,145109452
0963MX,-1,EA,2T44700672,145109452
4000MX,-1,EA,2T44700672,145109452
0085MX,-1,EA,2T44700672,145109452
0267MX,-1,EA,2ZJ7065852,145093157
1829MX,-1,EA,2ZJ7065852,145093157
2864MX,-1,EA,2ZJ7065852,145093157
1155MX,-1,EA,2ZJ7065852,145093157
1412MX,-1,EA,2T44700163,145108324
0079MX,-1,EA,2T44688444,145086405
0370MX,-1,EA,2T44688444,145086405
384KMX,-4,EA,2ZJ7067746,145096791
2648MX,-2,EA,2ZJ7067746,145096791
0831MX,-3,EA,2ZJ7067746,145096791
1473MX,-2,EA,2ZJ7067746,145096791
2631MX,-8,EA,2ZJ7067746,145096791
4002MX,-2,EA,2ZJ7067746,145096791
2864MX,-2,EA,2ZJ7067746,145096791
384KMX,-3,EA,2ZJ7067168,145095730
0831MX,-1,EA,2ZJ7067168,145095730
2374MX,-1,EA,2ZJ7067168,145095730
0964MX,-1,EA,2ZJ7067168,145095730
4002MX,-1,EA,2ZJ7067168,145095730
4000MX,-2,EA,2ZJ7067168,145095730
3119MX,-1,EA,2ZJ7067168,145095730
0085MX,-1,EA,2ZJ7067168,145095730
2864MX,-1,EA,2ZJ7067168,145095730
0922MX,-1,EA,2ZJ7073133,145106668
1926MX,-1,EA,2ZJ7065937,145093326
4000MX,-1,EA,2ZJ7065937,145093326
3119MX,-1,EA,2ZJ7065937,145093326
2864MX,-1,EA,2ZJ7065937,145093326
0065MX,-1,EA,2ZJ7065937,145093326
208KMX,-1,EA,2ZJ7067057,145095533
384KMX,-3,EA,2ZJ7067057,145095533
103KMX,-2,EA,2ZJ7067057,145095533
2374MX,-1,EA,2ZJ7067057,145095533
0964MX,-1,EA,2ZJ7067057,145095533
4000MX,-2,EA,2ZJ7067057,145095533
3119MX,-1,EA,2ZJ7067057,145095533
0085MX,-2,EA,2ZJ7067057,145095533
0032MX,-1,EA,2ZJ7067057,145095533
049KMX,-1,EA,2T44680651,145068682
0884MX,-1,EA,2T44680651,145068682
2555MX,-1,EA,2T44680651,145068682
4002MX,-1,EA,2T44680651,145068682
4007MX,-1,EA,2T44680651,145068682
4000MX,-1,EA,2T44680651,145068682
4001MX,-1,EA,2T44680651,145068682
849PMX,-1,EA,M9J7074476,145109094
384KMX,-3,EA,2ZJ7065906,145093336
1638MX,-2,EA,2ZJ7065906,145093336
1610MX,-3,EA,2ZJ7065906,145093336
2131MX,-5,EA,2ZJ7065906,145093336
1428MX,-1,EA,2ZJ7065906,145093336
2631MX,-3,EA,2ZJ7065906,145093336
0922MX,-2,EA,2ZJ7065906,145093336
1065MX,-1,EA,2ZJ7065906,145093336
0085MX,-5,EA,2ZJ7065906,145093336
4002MX,-1,EA,2ZJ7072281,145105101
0370MX,-1,EA,2ZJ7072281,145105101
2864MX,-2,EA,2ZJ7072281,145105101
0065MX,-1,EA,2ZJ7072281,145105101
103KMX,-1,EA,2ZJ7073618,145107565
1638MX,-1,EA,2T44690693,145088800
3119MX,-1,EA,2T44690693,145088800
0370MX,-2,EA,2T44690693,145088800
2864MX,-1,EA,2T44690693,145088800
1155MX,-2,EA,2T44690693,145088800
049KMX,-1,EA,2ZJ7053877,145068570
2648MX,-1,EA,2ZJ7053877,145068570
1926MX,-2,EA,2ZJ7053877,145068570
1412MX,-1,EA,2ZJ7053877,145068570
4007MX,-1,EA,2ZJ7053877,145068570
4000MX,-1,EA,2ZJ7053877,145068570
4001MX,-1,EA,2ZJ7053877,145068570
0366MX,-1,EA,2ZJ7053877,145068570
0364MX,-1,EA,2ZJ7053877,145068570
2641MX,-1,EA,2ZJ7053877,145068570
0085MX,-4,EA,2ZJ7053877,145068570
2864MX,-1,EA,2ZJ7053877,145068570
384KMX,-1,EA,2ZJ7068072,145097339
694NMX,-1,EA,2ZJ7068072,145097339
693NMX,-1,EA,2ZJ7068072,145097339
683NMX,-1,EA,2ZJ7068072,145097339
2648MX,-1,EA,2ZJ7068072,145097339
1829MX,-1,EA,2ZJ7068072,145097339
2364MX,-1,EA,2ZJ7068072,145097339
0831MX,-1,EA,2ZJ7068072,145097339
1428MX,-1,EA,2ZJ7068072,145097339
1061MX,-1,EA,2ZJ7068072,145097339
602797,-1,EA,2ZJ7068072,145097339
602772,-1,EA,2ZJ7068072,145097339
602775,-1,EA,2ZJ7068072,145097339
4007MX,-1,EA,2ZJ7068072,145097339
4004MX,-1,EA,2ZJ7068072,145097339
3119MX,-1,EA,2ZJ7068072,145097339
0085MX,-1,EA,2ZJ7068072,145097339
1094MX,-1,EA,2ZJ7068072,145097339
3123MX,-1,EA,2ZJ7068072,145097339
0565MX,-1,EA,2ZJ7068072,145097339
2864MX,-1,EA,2ZJ7068072,145097339
0032MX,-1,EA,2ZJ7068072,145097339
0065MX,-1,EA,2ZJ7068072,145097339
2864MX,-1,EA,2ZJ7073317,145106993
4000MX,-8,EA,2ZJ7073345,145107033
2631MX,-1,EA,2T44691569,145089596
2644MX,-1,EA,2T44691569,145089596
4001MX,-1,EA,2T44691569,145089596
1155MX,-1,EA,2T44691569,145089596
0884MX,-2,EA,2ZJ7028783,145010029
1610MX,-1,EA,2ZJ7028783,145010029
1412MX,-2,EA,2ZJ7028783,145010029
2631MX,-2,EA,2ZJ7028783,145010029
0364MX,-1,EA,2ZJ7028783,145010029
1065MX,-2,EA,2ZJ7028783,145010029
2864MX,-3,EA,2ZJ7028783,145010029
1926MX,-1,EA,2T44698911,145105500
2631MX,-2,EA,2T44698911,145105500
1065MX,-1,EA,2T44698911,145105500
0085MX,-1,EA,2T44698911,145105500
1829MX,-5,EA,2ZJ7063589,145085885
0774MX,-2,EA,2ZJ7063589,145085885
0768MX,-1,EA,2ZJ7063589,145085885
0899MX,-3,EA,2ZJ7063589,145085885
0767MX,-3,EA,2ZJ7063589,145085885
0773MX,-1,EA,2ZJ7063589,145085885
0772MX,-1,EA,2ZJ7063589,145085885
0766MX,-1,EA,2ZJ7063589,145085885
0765MX,-2,EA,2ZJ7063589,145085885
2864MX,-5,EA,2ZJ7063589,145085885
0831MX,-1,EA,2ZJ7072973,145106325
0963MX,-2,EA,2ZJ7072973,145106325
4002MX,-1,EA,2ZJ7072973,145106325
4000MX,-1,EA,2ZJ7072973,145106325
0085MX,-1,EA,2ZJ7072973,145106325
2648MX,-1,EA,2T44700297,145108667
0964MX,-1,EA,2T44700297,145108667
0370MX,-1,EA,2T44700297,145108667
690095,-1,EA,2T44699942,145107970
298A,-1,EA,2T44699942,145107970
4000MX,-1,EA,2T44699942,145107970
9947MX,-1,EA,2T44699942,145107970
8504MX,-1,EA,2T44699942,145107970
7056MX,-1,EA,2T44699942,145107970
1412MX,-1,EA,2T44695376,145097557
524LMX,-1,EA,2T44666696,145052673
2131MX,-1,EA,2T44666696,145052673
2631MX,-1,EA,2T44666696,145052673
384KMX,-1,EA,2ZJ7067903,145097049
030KMX,-1,EA,2ZJ7067903,145097049
049KMX,-1,EA,2ZJ7067903,145097049
1610MX,-1,EA,2ZJ7067903,145097049
2131MX,-1,EA,2ZJ7067903,145097049
2555MX,-1,EA,2ZJ7067903,145097049
2631MX,-1,EA,2ZJ7067903,145097049
0922MX,-2,EA,2ZJ7067903,145097049
0964MX,-2,EA,2ZJ7067903,145097049
4007MX,-1,EA,2ZJ7067903,145097049
4004MX,-1,EA,2ZJ7067903,145097049
4000MX,-2,EA,2ZJ7067903,145097049
3119MX,-2,EA,2ZJ7067903,145097049
3525MX,-2,EA,2ZJ7067903,145097049
0565MX,-1,EA,2ZJ7067903,145097049
2864MX,-2,EA,2ZJ7067903,145097049
030KMX,-1,EA,2ZJ7070621,145102123
1610MX,-1,EA,2ZJ7070621,145102123
2631MX,-1,EA,2ZJ7070621,145102123
4002MX,-1,EA,2ZJ7070621,145102123
4000MX,-1,EA,2ZJ7070621,145102123
0366MX,-1,EA,2ZJ7070621,145102123
0085MX,-1,EA,2ZJ7070621,145102123
384KMX,-1,EA,2T44691442,145089467
2631MX,-1,EA,2T44691442,145089467
0922MX,-2,EA,2T44691442,145089467
3119MX,-1,EA,2T44691442,145089467
2864MX,-1,EA,2T44691442,145089467
1638MX,-1,EA,2ZJ7059879,145079492
0963MX,-1,EA,2ZJ7059879,145079492
0413MX,-1,EA,2T44697901,145103109
1829MX,-2,EA,2T44699502,145106845
2864MX,-2,EA,2ZJ7070044,145101029
384KMX,-2,EA,2ZJ7071490,145103659
1610MX,-1,EA,2ZJ7071490,145103659
2131MX,-1,EA,2ZJ7071490,145103659
4002MX,-1,EA,2ZJ7071490,145103659
4007MX,-1,EA,2ZJ7071490,145103659
4000MX,-1,EA,2ZJ7071490,145103659
1065MX,-1,EA,2ZJ7071490,145103659
0085MX,-1,EA,2ZJ7071490,145103659
1412MX,-3,EA,2ZJ7056321,145073013
3121MX,-1,EA,2ZJ7073568,145107449
1638MX,-1,EA,2ZJ7073568,145107449
2131MX,-2,EA,2ZJ7073568,145107449
384KMX,-2,EA,2T44700266,145108614
2631MX,-1,EA,2T44700266,145108614
0772MX,-1,EA,2T44700266,145108614
3119MX,-1,EA,2T44700266,145108614
1065MX,-1,EA,2T44700266,145108614
0085MX,-1,EA,2T44700266,145108614
0065MX,-1,EA,2T44700266,145108614
0366MX,-1,EA,2T44700196,145108472
384KMX,-6,EA,2ZJ7070829,145102538
049KMX,-1,EA,2ZJ7070829,145102538
1610MX,-8,EA,2ZJ7070829,145102538
2131MX,-8,EA,2ZJ7070829,145102538
4002MX,-1,EA,2ZJ7070829,145102538
1065MX,-5,EA,2ZJ7070829,145102538
0085MX,-20,EA,2ZJ7070829,145102538
2864MX,-3,EA,2ZJ7070829,145102538
2648MX,-1,EA,2ZJ7072753,145105931
0922MX,-1,EA,2ZJ7072753,145105931
0085MX,-2,EA,2ZJ7072753,145105931
2864MX,-1,EA,2ZJ7072753,145105931
103KMX,-1,EA,2ZJ7073527,145107464
030KMX,-1,EA,2ZJ7071811,145104201
2374MX,-1,EA,2ZJ7071811,145104201
0964MX,-1,EA,2ZJ7071811,145104201
0940MX,-1,EA,2ZJ7071811,145104201
4000MX,-1,EA,2ZJ7071811,145104201
3119MX,-1,EA,2ZJ7071811,145104201
0079MX,-1,EA,2ZJ7071811,145104201
0370MX,-1,EA,2ZJ7071811,145104201
2864MX,-1,EA,2ZJ7071811,145104201
0032MX,-1,EA,2ZJ7071811,145104201
1155MX,-1,EA,2ZJ7071811,145104201
3175MX,-1,EA,2ZJ7071811,145104201
0077MX,-1,EA,2ZJ7071811,145104201
384KMX,-1,EA,2ZJ7061404,145082166
2644MX,-1,EA,2ZJ7061404,145082166
0899MX,-1,EA,2ZJ7061404,145082166
0766MX,-1,EA,2ZJ7061404,145082166
4001MX,-1,EA,2ZJ7061404,145082166
0413MX,-1,EA,2ZJ7061404,145082166
1065MX,-1,EA,2ZJ7061404,145082166
0065MX,-1,EA,2ZJ7061404,145082166
4001MX,-1,EA,2ZJ7069601,145100239
2864MX,-1,EA,2ZJ7069601,145100239
2864MX,-1,EA,2T44699088,145105905
1188MX,-2,EA,2ZJ7060346,145080366
384KMX,-24,EA,2ZJ7069114,145099425
1638MX,-24,EA,2ZJ7069114,145099425
1610MX,-12,EA,2ZJ7069114,145099425
2131MX,-48,EA,2ZJ7069114,145099425
2631MX,-12,EA,2ZJ7069114,145099425
0963MX,-24,EA,2ZJ7069114,145099425
4002MX,-6,EA,2ZJ7069114,145099425
4004MX,-6,EA,2ZJ7069114,145099425
1065MX,-24,EA,2ZJ7069114,145099425
0085MX,-48,EA,2ZJ7069114,145099425
384KMX,-2,EA,2T44696523,145100069
049KMX,-1,EA,2T44696523,145100069
4000MX,-1,EA,2T44696523,145100069
3119MX,-1,EA,2T44696523,145100069
2641MX,-1,EA,2T44696523,145100069
2864MX,-1,EA,2ZJ7052383,145065980
3121MX,-1,EA,2ZJ7038862,145031645
2131MX,-1,EA,2ZJ7038862,145031645
2631MX,-1,EA,2ZJ7038862,145031645
0963MX,-1,EA,2ZJ7038862,145031645
2631MX,-1,EA,2T44699408,145106649
4004MX,-1,EA,2T44699408,145106649
3175MX,-1,EA,2T44699408,145106649
208KMX,-1,EA,2T44699576,145107088
1610MX,-3,EA,2T44699576,145107088
1473MX,-1,EA,2T44699576,145107088
0964MX,-1,EA,2T44699576,145107088
2864MX,-1,EA,2T44699576,145107088
3119MX,-2,EA,2T44699568,145107034
1412MX,-2,EA,2ZJ7073278,145106917
0884MX,-4,EA,2T44698615,145104827
1412MX,-2,EA,2T44698615,145104827
2864MX,-6,EA,2T44698615,145104827
384KMX,-1,EA,2ZJ7065457,145092441
2364MX,-1,EA,2ZJ7065457,145092441
0831MX,-1,EA,2ZJ7065457,145092441
1428MX,-1,EA,2ZJ7065457,145092441
4002MX,-1,EA,2ZJ7065457,145092441
4007MX,-1,EA,2ZJ7065457,145092441
0413MX,-5,EA,2ZJ7065457,145092441
1065MX,-2,EA,2ZJ7065457,145092441
0065MX,-1,EA,2ZJ7065457,145092441
044KMX,-1,EA,2T44670503,145050801
1610MX,-1,EA,2T44670503,145050801
2131MX,-1,EA,2T44670503,145050801
2555MX,-1,EA,2T44670503,145050801
1428MX,-1,EA,2T44670503,145050801
2631MX,-2,EA,2T44670503,145050801
0964MX,-1,EA,2T44670503,145050801
0940MX,-1,EA,2T44670503,145050801
4007MX,-1,EA,2T44670503,145050801
4004MX,-1,EA,2T44670503,145050801
4000MX,-1,EA,2T44670503,145050801
0413MX,-1,EA,2T44670503,145050801
0064MX,-1,EA,2T44670503,145050801
0085MX,-4,EA,2T44670503,145050801
0565MX,-1,EA,2T44670503,145050801
2864MX,-1,EA,2T44670503,145050801
0032MX,-1,EA,2T44670503,145050801
0065MX,-1,EA,2T44670503,145050801
3115MX,-1,EA,2T44670503,145050801
1638MX,-1,EA,2ZJ7066021,145093448
2648MX,-1,EA,2ZJ7066021,145093448
0831MX,-1,EA,2ZJ7066021,145093448
1473MX,-1,EA,2ZJ7066021,145093448
0964MX,-1,EA,2ZJ7066021,145093448
0366MX,-1,EA,2ZJ7066021,145093448
3119MX,-1,EA,2ZJ7066021,145093448
1417MX,-1,EA,2ZJ7066021,145093448
384KMX,-2,EA,2ZJ7065499,145092517
694NMX,-1,EA,2ZJ7065499,145092517
692NMX,-1,EA,2ZJ7065499,145092517
683NMX,-1,EA,2ZJ7065499,145092517
0884MX,-2,EA,2ZJ7065499,145092517
1412MX,-2,EA,2ZJ7065499,145092517
602797,-1,EA,2ZJ7065499,145092517
602787,-1,EA,2ZJ7065499,145092517
602785,-1,EA,2ZJ7065499,145092517
602784,-1,EA,2ZJ7065499,145092517
0940MX,-2,EA,2ZJ7065499,145092517
4004MX,-1,EA,2ZJ7065499,145092517
2864MX,-1,EA,2ZJ7065499,145092517
208KMX,-1,EA,2T44669664,145050034
684NMX,-1,EA,2T44669664,145050034
682NMX,-1,EA,2T44669664,145050034
0922MX,-1,EA,2T44669664,145050034
602797,-1,EA,2T44669664,145050034
602760,-1,EA,2T44669664,145050034
103KMX,-1,EA,2ZJ7066052,145093568
1473MX,-1,EA,2ZJ7066052,145093568
0963MX,-1,EA,2ZJ7066052,145093568
3119MX,-1,EA,2ZJ7066052,145093568
044KMX,-1,EA,2ZJ7072312,145105126
1610MX,-1,EA,2ZJ7072312,145105126
1428MX,-2,EA,2ZJ7072312,145105126
2864MX,-1,EA,2ZJ7067516,145096363
208KMX,-1,EA,2T44667403,145058632
384KMX,-6,EA,2T44667403,145058632
1638MX,-1,EA,2T44667403,145058632
1610MX,-3,EA,2T44667403,145058632
1829MX,-1,EA,2T44667403,145058632
2131MX,-1,EA,2T44667403,145058632
1926MX,-3,EA,2T44667403,145058632
1473MX,-1,EA,2T44667403,145058632
2631MX,-3,EA,2T44667403,145058632
0964MX,-1,EA,2T44667403,145058632
0963MX,-6,EA,2T44667403,145058632
4002MX,-1,EA,2T44667403,145058632
4004MX,-3,EA,2T44667403,145058632
0079MX,-1,EA,2T44667403,145058632
1065MX,-3,EA,2T44667403,145058632
0085MX,-1,EA,2T44667403,145058632
0370MX,-2,EA,2T44667403,145058632
3123MX,-1,EA,2T44667403,145058632
1155MX,-1,EA,2T44667403,145058632
0077MX,-1,EA,2T44667403,145058632
0065MX,-2,EA,2T44667403,145058632
3115MX,-1,EA,2T44667403,145058632
1926MX,-1,EA,2T44686284,145081253
4000MX,-1,EA,2T44686284,145081253
3123MX,-1,EA,2T44686284,145081253
0065MX,-1,EA,2T44686284,145081253
3115MX,-1,EA,2T44686284,145081253
0370MX,-1,EA,2T44699334,145106488
1155MX,-1,EA,2T44699334,145106488
384KMX,-3,EA,2T44692548,145090931
2864MX,-1,EA,2T44692548,145090931
773AMX,-3,EA,2T44698303,145104105
2131MX,-3,EA,2T44698303,145104105
1926MX,-1,EA,2T44698303,145104105
2631MX,-3,EA,2T44698303,145104105
4002MX,-1,EA,2T44698303,145104105
4001MX,-1,EA,2T44698303,145104105
2864MX,-3,EA,2T44698303,145104105
2864MX,-3,EA,2ZJ7073466,145107237
1412MX,-1,EA,2ZJ7072095,145104709
384KMX,-6,EA,2ZJ7051411,145064268
1829MX,-1,EA,2ZJ7051411,145064268
0940MX,-2,EA,2ZJ7051411,145064268
4000MX,-3,EA,2ZJ7051411,145064268
2864MX,-6,EA,2ZJ7051411,145064268
1610MX,-1,EA,2T44699811,145107553
4000MX,-1,EA,2T44699811,145107553
0064MX,-1,EA,2T44699811,145107553
3525MX,-1,EA,2T44699811,145107553
3123MX,-1,EA,2T44699811,145107553
2864MX,-1,EA,2T44699811,145107553
208KMX,-1,EA,2ZJ7060358,145080300
044KMX,-1,EA,2ZJ7060358,145080300
0831MX,-1,EA,2ZJ7060358,145080300
1428MX,-1,EA,2ZJ7060358,145080300
0922MX,-1,EA,2ZJ7060358,145080300
0964MX,-2,EA,2ZJ7060358,145080300
1065MX,-1,EA,2ZJ7060358,145080300
0085MX,-1,EA,2ZJ7060358,145080300
0065MX,-1,EA,2ZJ7060358,145080300
0831MX,-1,EA,2ZJ7070656,145102162
3119MX,-1,EA,2ZJ7070656,145102162
2864MX,-1,EA,2ZJ7070656,145102162
384KMX,-7,EA,2ZJ7071036,145102864
0884MX,-1,EA,2ZJ7071036,145102864
1610MX,-15,EA,2ZJ7071036,145102864
2131MX,-10,EA,2ZJ7071036,145102864
2374MX,-2,EA,2ZJ7071036,145102864
2631MX,-16,EA,2ZJ7071036,145102864
0963MX,-1,EA,2ZJ7071036,145102864
0940MX,-1,EA,2ZJ7071036,145102864
4002MX,-1,EA,2ZJ7071036,145102864
4000MX,-1,EA,2ZJ7071036,145102864
1188MX,-2,EA,2ZJ7071036,145102864
1065MX,-10,EA,2ZJ7071036,145102864
0085MX,-20,EA,2ZJ7071036,145102864
1473MX,-1,EA,2ZJ7061563,145082433
0964MX,-1,EA,2ZJ7061563,145082433
2864MX,-1,EA,2ZJ7061563,145082433
609391,-1,EA,2ZJ7073296,145106930
0964MX,-3,EA,50H5443442,145106685
4000MX,-1,EA,50H5443442,145106685
1188MX,-1,EA,50H5443442,145106685
1610MX,-1,EA,2T44696483,145100193
0085MX,-2,EA,2T44696483,145100193
2864MX,-1,EA,2T44696483,145100193
0065MX,-1,EA,2T44696483,145100193
0039MX,-1,EA,2T44696483,145100193
H253MX,-1,EA,2T44673545,145056631
4001MX,-1,EA,2T44673545,145056631
1188MX,-1,EA,2T44673545,145056631
286LMX,-2,EA,2T44690775,145088868
0774MX,-1,EA,2T44690775,145088868
0768MX,-1,EA,2T44690775,145088868
0366MX,-1,EA,2T44690775,145088868
0413MX,-1,EA,2T44690775,145088868
384KMX,-1,EA,2ZJ7070731,145102285
0940MX,-1,EA,2ZJ7070731,145102285
4000MX,-1,EA,2ZJ7070731,145102285
1188MX,-1,EA,2ZJ7070731,145102285
0085MX,-1,EA,2ZJ7070731,145102285
103KMX,-1,EA,2T44682118,145071955
0831MX,-1,EA,2T44682118,145071955
2864MX,-1,EA,2ZJ7060288,145080274
384KMX,-5,EA,2ZJ7066045,145093544
0884MX,-1,EA,2ZJ7066045,145093544
1610MX,-5,EA,2ZJ7066045,145093544
2131MX,-11,EA,2ZJ7066045,145093544
2631MX,-6,EA,2ZJ7066045,145093544
4007MX,-1,EA,2ZJ7066045,145093544
4004MX,-1,EA,2ZJ7066045,145093544
1065MX,-3,EA,2ZJ7066045,145093544
0085MX,-15,EA,2ZJ7066045,145093544
2864MX,-3,EA,2ZJ7066045,145093544
103KMX,-1,EA,2ZJ7072929,145106221
1829MX,-1,EA,2ZJ7072929,145106221
2631MX,-1,EA,2ZJ7072929,145106221
0963MX,-1,EA,2ZJ7072929,145106221
0565MX,-1,EA,2ZJ7072929,145106221
0267MX,-2,EA,50H5443434,145106616
030KMX,-1,EA,50H5443434,145106616
049KMX,-2,EA,50H5443434,145106616
2555MX,-1,EA,50H5443434,145106616
1065MX,-1,EA,50H5443434,145106616
0413MX,-1,EA,2T44697614,145102462
384KMX,-12,EA,2ZJ7070570,145102040
030KMX,-2,EA,2ZJ7070570,145102040
1610MX,-9,EA,2ZJ7070570,145102040
2131MX,-20,EA,2ZJ7070570,145102040
2631MX,-15,EA,2ZJ7070570,145102040
0963MX,-6,EA,2ZJ7070570,145102040
4007MX,-2,EA,2ZJ7070570,145102040
1065MX,-11,EA,2ZJ7070570,145102040
0085MX,-15,EA,2ZJ7070570,145102040
2864MX,-4,EA,2ZJ7070570,145102040
384KMX,-1,EA,2T44698629,145105005
024KMX,-1,EA,2T44698629,145105005
0884MX,-1,EA,2T44698629,145105005
0922MX,-1,EA,2T44698629,145105005
0940MX,-1,EA,2T44698629,145105005
4007MX,-2,EA,2T44698629,145105005
4001MX,-2,EA,2T44698629,145105005
1065MX,-2,EA,2T44698629,145105005
1829MX,-2,EA,2ZJ7055684,145071855
2864MX,-2,EA,2ZJ7055684,145071855
0413MX,-3,EA,2T44697241,145101659
1638MX,-1,EA,2T44690744,145088845
2631MX,-1,EA,2T44690744,145088845
0565MX,-2,EA,2T44690744,145088845
3175MX,-1,EA,2T44690744,145088845
0884MX,-1,EA,2T44659559,145036486
4001MX,-1,EA,2T44659559,145036486
1065MX,-1,EA,2T44659559,145036486
0085MX,-2,EA,2T44659559,145036486
0565MX,-2,EA,2T44659559,145036486
208KMX,-1,EA,2T44690932,145089020
609391,-1,EA,2T44690932,145089020
3121MX,-1,EA,2T44690932,145089020
103KMX,-2,EA,2T44690932,145089020
030KMX,-1,EA,2T44690932,145089020
0884MX,-1,EA,2T44690932,145089020
2648MX,-1,EA,2T44690932,145089020
1829MX,-1,EA,2T44690932,145089020
1926MX,-1,EA,2T44690932,145089020
2555MX,-1,EA,2T44690932,145089020
0831MX,-1,EA,2T44690932,145089020
2631MX,-10,EA,2T44690932,145089020
0964MX,-2,EA,2T44690932,145089020
0940MX,-1,EA,2T44690932,145089020
2644MX,-1,EA,2T44690932,145089020
4002MX,-1,EA,2T44690932,145089020
4000MX,-1,EA,2T44690932,145089020
0366MX,-1,EA,2T44690932,145089020
0364MX,-1,EA,2T44690932,145089020
3119MX,-4,EA,2T44690932,145089020
3525MX,-1,EA,2T44690932,145089020
0085MX,-7,EA,2T44690932,145089020
2864MX,-4,EA,2T44690932,145089020
2864MX,-8,EA,2ZJ7072777,145105962
384KMX,-6,EA,2ZJ7065865,145093207
1610MX,-4,EA,2ZJ7065865,145093207
2131MX,-11,EA,2ZJ7065865,145093207
2631MX,-6,EA,2ZJ7065865,145093207
4007MX,-1,EA,2ZJ7065865,145093207
4004MX,-1,EA,2ZJ7065865,145093207
1065MX,-5,EA,2ZJ7065865,145093207
0085MX,-14,EA,2ZJ7065865,145093207
2864MX,-3,EA,2ZJ7065865,145093207
1412MX,-2,EA,2ZJ7072990,145106385
384KMX,-5,EA,2ZJ7052680,145066518
3121MX,-1,EA,2ZJ7052680,145066518
1926MX,-2,EA,2ZJ7052680,145066518
0964MX,-2,EA,2ZJ7052680,145066518
4002MX,-1,EA,2ZJ7052680,145066518
4001MX,-1,EA,2ZJ7052680,145066518
3119MX,-1,EA,2ZJ7052680,145066518
0413MX,-1,EA,2ZJ7052680,145066518
1155MX,-1,EA,2ZJ7072554,145106007
384KMX,-10,EA,2ZJ7070678,145102308
1638MX,-10,EA,2ZJ7070678,145102308
0884MX,-1,EA,2ZJ7070678,145102308
1610MX,-12,EA,2ZJ7070678,145102308
2131MX,-12,EA,2ZJ7070678,145102308
2631MX,-8,EA,2ZJ7070678,145102308
0922MX,-7,EA,2ZJ7070678,145102308
4000MX,-1,EA,2ZJ7070678,145102308
4001MX,-1,EA,2ZJ7070678,145102308
1065MX,-14,EA,2ZJ7070678,145102308
0085MX,-15,EA,2ZJ7070678,145102308
2864MX,-4,EA,2ZJ7070678,145102308
1610MX,-2,EA,2ZJ7068333,145097853
1926MX,-1,EA,2ZJ7068333,145097853
4001MX,-1,EA,2ZJ7068333,145097853
384KMX,-5,EA,2ZJ7065774,145093033
049KMX,-1,EA,2ZJ7065774,145093033
1610MX,-6,EA,2ZJ7065774,145093033
2131MX,-15,EA,2ZJ7065774,145093033
2631MX,-6,EA,2ZJ7065774,145093033
1065MX,-3,EA,2ZJ7065774,145093033
0085MX,-13,EA,2ZJ7065774,145093033
2864MX,-3,EA,2ZJ7065774,145093033
0768MX,-1,EA,2T44691212,145089259
0773MX,-1,EA,2T44691212,145089259
0766MX,-1,EA,2T44691212,145089259
0065MX,-1,EA,2T44691212,145089259
384KMX,-5,EA,2ZJ7065962,145093398
0884MX,-1,EA,2ZJ7065962,145093398
1610MX,-6,EA,2ZJ7065962,145093398
2131MX,-11,EA,2ZJ7065962,145093398
2631MX,-6,EA,2ZJ7065962,145093398
0963MX,-1,EA,2ZJ7065962,145093398
4007MX,-1,EA,2ZJ7065962,145093398
4004MX,-1,EA,2ZJ7065962,145093398
1065MX,-3,EA,2ZJ7065962,145093398
0085MX,-12,EA,2ZJ7065962,145093398
2864MX,-3,EA,2ZJ7065962,145093398
1610MX,-24,EA,2ZJ7060105,145079886
0085MX,-12,EA,2ZJ7060105,145079886
2864MX,-10,EA,2ZJ7060105,145079886
0065MX,-1,EA,2ZJ7069903,145100784
2864MX,-2,EA,2ZJ7069005,145099118
3119MX,-2,EA,2T44699019,145105782
0085MX,-2,EA,2T44699019,145105782
384KMX,-5,EA,2ZJ7062220,145083556
1610MX,-6,EA,2ZJ7062220,145083556
2131MX,-10,EA,2ZJ7062220,145083556
2374MX,-1,EA,2ZJ7062220,145083556
2631MX,-6,EA,2ZJ7062220,145083556
0364MX,-1,EA,2ZJ7062220,145083556
1065MX,-3,EA,2ZJ7062220,145083556
0085MX,-16,EA,2ZJ7062220,145083556
3123MX,-1,EA,2ZJ7062220,145083556
2864MX,-3,EA,2ZJ7062220,145083556
1829MX,-1,EA,2T44697438,145102119
1412MX,-2,EA,2T44697438,145102119
2864MX,-2,EA,2T44697438,145102119
0032MX,-1,EA,2T44697438,145102119
3119MX,-3,EA,2T44691567,145089592
1638MX,-2,EA,2ZJ7066747,145094956
044KMX,-1,EA,2ZJ7066747,145094956
0884MX,-1,EA,2ZJ7066747,145094956
2648MX,-1,EA,2ZJ7066747,145094956
2131MX,-1,EA,2ZJ7066747,145094956
1473MX,-1,EA,2ZJ7066747,145094956
2631MX,-1,EA,2ZJ7066747,145094956
0963MX,-1,EA,2ZJ7066747,145094956
3119MX,-2,EA,2T44699092,145105925
0085MX,-2,EA,2T44699092,145105925
2864MX,-1,EA,2T44699092,145105925
384KMX,-6,EA,2ZJ7062073,145083320
1610MX,-7,EA,2ZJ7062073,145083320
2131MX,-13,EA,2ZJ7062073,145083320
2374MX,-1,EA,2ZJ7062073,145083320
2631MX,-6,EA,2ZJ7062073,145083320
0366MX,-2,EA,2ZJ7062073,145083320
1065MX,-3,EA,2ZJ7062073,145083320
0085MX,-10,EA,2ZJ7062073,145083320
2864MX,-3,EA,2ZJ7062073,145083320
384KMX,-6,EA,2ZJ7061760,145082778
1610MX,-7,EA,2ZJ7061760,145082778
2131MX,-13,EA,2ZJ7061760,145082778
2374MX,-1,EA,2ZJ7061760,145082778
2631MX,-6,EA,2ZJ7061760,145082778
0366MX,-2,EA,2ZJ7061760,145082778
1065MX,-3,EA,2ZJ7061760,145082778
0085MX,-10,EA,2ZJ7061760,145082778
2864MX,-3,EA,2ZJ7061760,145082778
2864MX,-1,EA,2ZJ7070700,145102236
2864MX,-1,EA,2ZJ7071373,145103469
384KMX,-3,EA,2T44681696,145070948
1638MX,-1,EA,2T44681696,145070948
1610MX,-1,EA,2T44681696,145070948
2631MX,-3,EA,2T44681696,145070948
4002MX,-1,EA,2T44681696,145070948
0085MX,-1,EA,2T44681696,145070948
524LMX,-1,EA,2T44685305,145079063
0922MX,-1,EA,2T44685305,145079063
0766MX,-2,EA,2ZJ7066538,145094494
1412MX,-2,EA,2ZJ7072238,145104976
2131MX,-1,EA,2T44671086,145051365
1412MX,-1,EA,2T44681600,145070704
0413MX,-2,EA,2T44681600,145070704
2631MX,-6,EA,2T44697837,145102962
0922MX,-6,EA,2T44697837,145102962
3525MX,-2,EA,2T44697837,145102962
0884MX,-1,EA,2T44676669,145059530
1065MX,-1,EA,2T44676669,145059530
2864MX,-1,EA,2T44676669,145059530
1155MX,-1,EA,2T44676669,145059530
384KMX,-5,EA,2ZJ7062377,145083831
1610MX,-6,EA,2ZJ7062377,145083831
2131MX,-10,EA,2ZJ7062377,145083831
2374MX,-1,EA,2ZJ7062377,145083831
2631MX,-6,EA,2ZJ7062377,145083831
0364MX,-1,EA,2ZJ7062377,145083831
1065MX,-3,EA,2ZJ7062377,145083831
0085MX,-16,EA,2ZJ7062377,145083831
3123MX,-1,EA,2ZJ7062377,145083831
2864MX,-3,EA,2ZJ7062377,145083831
1829MX,-1,EA,2ZJ7065701,145092874
1926MX,-2,EA,2ZJ7065701,145092874
2631MX,-1,EA,2ZJ7065701,145092874
0964MX,-1,EA,2ZJ7065701,145092874
0370MX,-1,EA,2ZJ7065701,145092874
1638MX,-1,EA,2T44675701,145058628
1610MX,-5,EA,2T44675701,145058628
4007MX,-1,EA,2T44675632,145058560
4000MX,-3,EA,2T44675632,145058560
1412MX,-1,EA,2T44695748,145098342
2644MX,-1,EA,2ZJ7067656,145096605
2864MX,-3,EA,2ZJ7067656,145096605
103KMX,-1,EA,2ZJ7072625,145105695
1412MX,-1,EA,2ZJ7072625,145105695
0079MX,-1,EA,2ZJ7072625,145105695
0370MX,-1,EA,2ZJ7072625,145105695
1155MX,-1,EA,2ZJ7072625,145105695
0077MX,-1,EA,2ZJ7072625,145105695
208KMX,-1,EA,2T44672847,145055997
095KMX,-1,EA,2T44672847,145055997
0831MX,-1,EA,2T44672847,145055997
1412MX,-1,EA,2T44672847,145055997
2131MX,-1,EA,2ZJ7067918,145097089
2648MX,-2,EA,2T44685747,145080066
2131MX,-2,EA,2T44685747,145080066
2364MX,-1,EA,2T44685747,145080066
1473MX,-1,EA,2T44685747,145080066
0366MX,-1,EA,2T44685747,145080066
3119MX,-2,EA,2T44685747,145080066
0085MX,-2,EA,2T44685747,145080066
0565MX,-1,EA,2T44685747,145080066
2864MX,-3,EA,2T44685747,145080066
0039MX,-1,EA,2T44685747,145080066
3115MX,-1,EA,2T44685747,145080066
2864MX,-1,EA,2ZJ7051476,145064409
2555MX,-1,EA,2T44698840,145105306
0940MX,-1,EA,2T44698840,145105306
4007MX,-1,EA,2T44698840,145105306
384KMX,-2,EA,2ZJ7071290,145103328
384KMX,-2,EA,2T44696131,145099207
3121MX,-2,EA,2T44696131,145099207
1638MX,-1,EA,2T44696131,145099207
030KMX,-2,EA,2T44696131,145099207
049KMX,-2,EA,2T44696131,145099207
0884MX,-2,EA,2T44696131,145099207
1610MX,-2,EA,2T44696131,145099207
2648MX,-1,EA,2T44696131,145099207
1829MX,-1,EA,2T44696131,145099207
2131MX,-3,EA,2T44696131,145099207
1926MX,-2,EA,2T44696131,145099207
2555MX,-1,EA,2T44696131,145099207
1428MX,-1,EA,2T44696131,145099207
2631MX,-5,EA,2T44696131,145099207
0922MX,-1,EA,2T44696131,145099207
0964MX,-1,EA,2T44696131,145099207
0940MX,-2,EA,2T44696131,145099207
4002MX,-2,EA,2T44696131,145099207
4007MX,-2,EA,2T44696131,145099207
4004MX,-2,EA,2T44696131,145099207
4000MX,-2,EA,2T44696131,145099207
4001MX,-2,EA,2T44696131,145099207
3525MX,-2,EA,2T44696131,145099207
1188MX,-2,EA,2T44696131,145099207
0085MX,-3,EA,2T44696131,145099207
2864MX,-2,EA,2T44696131,145099207
3175MX,-1,EA,2T44696131,145099207
3C32MX,-1,EA,TMJ7072229,145104963
652LMX,-1,EA,2WJ7072176,145104856
1829MX,-1,EA,50H5443349,145105313
1926MX,-1,EA,50H5443349,145105313
0922MX,-1,EA,50H5443349,145105313
4002MX,-1,EA,50H5443349,145105313
1065MX,-1,EA,50H5443349,145105313
0085MX,-1,EA,50H5443349,145105313
1412MX,-1,EA,2ZJ7069252,145099589
384KMX,-1,EA,2T44696428,145099846
897SMX,-1,EA,2T44696428,145099846
894SMX,-1,EA,2T44696428,145099846
892SMX,-1,EA,2T44696428,145099846
2631MX,-1,EA,2T44696428,145099846
0963MX,-1,EA,2T44696428,145099846
4002MX,-1,EA,2T44696428,145099846
1065MX,-1,EA,2T44696428,145099846
2864MX,-1,EA,2ZJ7071068,145102920
1095MX,-1,EA,2ZJ7072273,145105076
1412MX,-1,EA,2ZJ7058025,145076185
609391,-1,EA,2ZJ7072290,145105248
694NMX,-1,EA,2ZJ7072290,145105248
693NMX,-1,EA,2ZJ7072290,145105248
683NMX,-1,EA,2ZJ7072290,145105248
602797,-1,EA,2ZJ7072290,145105248
602772,-1,EA,2ZJ7072290,145105248
602775,-1,EA,2ZJ7072290,145105248
1155MX,-1,EA,2T44698804,145105260
1638MX,-1,EA,2T44698022,145103422
2648MX,-1,EA,2T44698022,145103422
4007MX,-1,EA,2T44698022,145103422
3119MX,-1,EA,2T44698022,145103422
2864MX,-1,EA,2T44698022,145103422
384KMX,-5,EA,2ZJ7061609,145082513
609391,-1,EA,2ZJ7061609,145082513
1610MX,-4,EA,2ZJ7061609,145082513
2131MX,-16,EA,2ZJ7061609,145082513
2374MX,-1,EA,2ZJ7061609,145082513
2631MX,-6,EA,2ZJ7061609,145082513
1065MX,-3,EA,2ZJ7061609,145082513
0085MX,-15,EA,2ZJ7061609,145082513
2864MX,-3,EA,2ZJ7061609,145082513
0884MX,-2,EA,2ZJ7062136,145083414
1412MX,-1,EA,2ZJ7062136,145083414
0964MX,-1,EA,2ZJ7062136,145083414
0766MX,-1,EA,2ZJ7062136,145083414
0366MX,-1,EA,2ZJ7062136,145083414
3525MX,-1,EA,2ZJ7062136,145083414
2864MX,-2,EA,2ZJ7062136,145083414
384KMX,-12,EA,2T44680071,145067271
1610MX,-3,EA,2T44680071,145067271
2131MX,-5,EA,2T44680071,145067271
2631MX,-12,EA,2T44680071,145067271
0964MX,-3,EA,2T44680071,145067271
1065MX,-3,EA,2T44680071,145067271
0085MX,-6,EA,2T44680071,145067271
2131MX,-1,EA,2ZJ7071309,145103363
1412MX,-2,EA,2ZJ7071309,145103363
0964MX,-1,EA,2ZJ7071309,145103363
384KMX,-4,EA,2ZJ7070345,145101597
0831MX,-1,EA,2ZJ7065356,145092254
0366MX,-1,EA,2ZJ7065356,145092254
0364MX,-1,EA,2ZJ7065356,145092254
3150MX,-1,EA,2ZJ7065356,145092254
0831MX,-1,EA,2ZJ7070454,145101842
1412MX,-1,EA,2ZJ7070454,145101842
0774MX,-2,EA,2ZJ7070454,145101842
0767MX,-1,EA,2ZJ7070454,145101842
0772MX,-2,EA,2ZJ7070454,145101842
0413MX,-2,EA,2ZJ7070454,145101842
384KMX,-1,EA,2ZJ7053213,145067406
4000MX,-1,EA,2ZJ7053213,145067406
0085MX,-1,EA,2ZJ7053213,145067406
3175MX,-1,EA,2ZJ7053213,145067406
2864MX,-1,EA,2ZJ7071768,145104137
384KMX,-10,EA,2ZJ7070554,145102015
0884MX,-12,EA,2ZJ7070554,145102015
2555MX,-6,EA,2ZJ7070554,145102015
0963MX,-24,EA,2ZJ7070554,145102015
4007MX,-6,EA,2ZJ7070554,145102015
4004MX,-6,EA,2ZJ7070554,145102015
4000MX,-12,EA,2ZJ7070554,145102015
0085MX,-24,EA,2ZJ7070554,145102015
1094MX,-5,EA,2ZJ7070554,145102015
0370MX,-6,EA,2ZJ7070554,145102015
3123MX,-6,EA,2ZJ7070554,145102015
0032MX,-5,EA,2ZJ7070554,145102015
384KMX,-2,EA,2T44698441,145104412
1610MX,-2,EA,2T44698441,145104412
2631MX,-3,EA,2T44698441,145104412
3119MX,-1,EA,2T44698441,145104412
1065MX,-1,EA,2T44698441,145104412
2864MX,-1,EA,2T44698441,145104412
W404MX,-1,EA,2ZJ7070613,145102096
444NMX,-1,EA,2ZJ7070613,145102096
690095,-1,EA,2ZJ7070613,145102096
298A,-1,EA,2ZJ7070613,145102096
4000MX,-1,EA,2ZJ7070613,145102096
8504MX,-1,EA,2ZJ7070613,145102096
7056MX,-1,EA,2ZJ7070613,145102096
2864MX,-5,EA,2T44697842,145102956
4000MX,-1,EA,2ZJ7058513,145077064
2864MX,-1,EA,2ZJ7061702,145082679
524LMX,-1,EA,2ZJ7053255,145067457
030KMX,-1,EA,2ZJ7053255,145067457
2864MX,-1,EA,2ZJ7070018,145100974
286LMX,-2,EA,2ZJ7065595,145092685
0773MX,-1,EA,2ZJ7065595,145092685
0772MX,-1,EA,2ZJ7065595,145092685
0765MX,-2,EA,2ZJ7065595,145092685
384KMX,-1,EA,2ZJ7070393,145101702
2131MX,-1,EA,2ZJ7070393,145101702
2631MX,-1,EA,2ZJ7070393,145101702
4000MX,-1,EA,2ZJ7070393,145101702
3119MX,-2,EA,2ZJ7070393,145101702
0085MX,-1,EA,2ZJ7070393,145101702
0065MX,-1,EA,2ZJ7070393,145101702
384KMX,-1,EA,2ZJ7029120,145010649
2131MX,-1,EA,2ZJ7029120,145010649
1926MX,-1,EA,2ZJ7029120,145010649
4000MX,-1,EA,2ZJ7029120,145010649
0413MX,-1,EA,2ZJ7029120,145010649
0413MX,-1,EA,2T44696070,145099065
3121MX,-1,EA,2T44693883,145094201
3119MX,-1,EA,2T44693883,145094201
2864MX,-1,EA,2T44693883,145094201
384KMX,-1,EA,2ZJ7059580,145078939
1610MX,-1,EA,2ZJ7059580,145078939
1926MX,-1,EA,2ZJ7059580,145078939
0963MX,-1,EA,2ZJ7059580,145078939
4000MX,-1,EA,2ZJ7059580,145078939
3119MX,-1,EA,2ZJ7059580,145078939
0085MX,-1,EA,2ZJ7059580,145078939
1155MX,-1,EA,2ZJ7059580,145078939
2864MX,-1,EA,2ZJ7071793,145104260
384KMX,-2,EA,2T44697496,145102266
1428MX,-1,EA,2T44697496,145102266
1094MX,-1,EA,2ZJ7058403,145076838
384KMX,-1,EA,2ZJ7058678,145077325
2631MX,-1,EA,2ZJ7058678,145077325
0963MX,-1,EA,2ZJ7058678,145077325
4000MX,-1,EA,2ZJ7058678,145077325
0085MX,-1,EA,2ZJ7058678,145077325
3175MX,-1,EA,2ZJ7058678,145077325
3115MX,-1,EA,2ZJ7058678,145077325
2131MX,-1,EA,2ZJ7061802,145082829
1412MX,-1,EA,2ZJ7061802,145082829
0085MX,-1,EA,2ZJ7061802,145082829
0413MX,-1,EA,2ZJ7035460,145022566
3121MX,-1,EA,2ZJ7069290,145099892
690095,-2,EA,2ZJ7069290,145099892
0831MX,-2,EA,2ZJ7069290,145099892
298A,-2,EA,2ZJ7069290,145099892
4011MX,-2,EA,2ZJ7069290,145099892
0767MX,-1,EA,2ZJ7069290,145099892
0766MX,-1,EA,2ZJ7069290,145099892
4000MX,-2,EA,2ZJ7069290,145099892
3119MX,-2,EA,2ZJ7069290,145099892
1095MX,-3,EA,2ZJ7069290,145099892
9947MX,-2,EA,2ZJ7069290,145099892
0079MX,-1,EA,2ZJ7069290,145099892
0085MX,-2,EA,2ZJ7069290,145099892
1094MX,-1,EA,2ZJ7069290,145099892
0370MX,-3,EA,2ZJ7069290,145099892
8504MX,-2,EA,2ZJ7069290,145099892
7056MX,-2,EA,2ZJ7069290,145099892
1155MX,-1,EA,2ZJ7069290,145099892
3175MX,-1,EA,2ZJ7069290,145099892
0077MX,-1,EA,2ZJ7069290,145099892
0065MX,-1,EA,2ZJ7069290,145099892
3115MX,-1,EA,2ZJ7069290,145099892
0364MX,-4,EA,2ZJ7057411,145075030
101KMX,-1,EA,2T44697918,145103219
030KMX,-1,EA,2T44697918,145103219
1610MX,-1,EA,2T44697918,145103219
2648MX,-1,EA,2T44697918,145103219
2131MX,-2,EA,2T44697918,145103219
0831MX,-1,EA,2T44697918,145103219
2374MX,-1,EA,2T44697918,145103219
1473MX,-1,EA,2T44697918,145103219
298A,-10,EA,2T44697918,145103219
0922MX,-1,EA,2T44697918,145103219
0963MX,-2,EA,2T44697918,145103219
0940MX,-1,EA,2T44697918,145103219
4002MX,-1,EA,2T44697918,145103219
4004MX,-1,EA,2T44697918,145103219
4000MX,-1,EA,2T44697918,145103219
0366MX,-2,EA,2T44697918,145103219
3119MX,-1,EA,2T44697918,145103219
0413MX,-1,EA,2T44697918,145103219
2641MX,-1,EA,2T44697918,145103219
0079MX,-1,EA,2T44697918,145103219
0085MX,-1,EA,2T44697918,145103219
0370MX,-1,EA,2T44697918,145103219
3123MX,-1,EA,2T44697918,145103219
2864MX,-1,EA,2T44697918,145103219
0032MX,-1,EA,2T44697918,145103219
1155MX,-1,EA,2T44697918,145103219
3175MX,-1,EA,2T44697918,145103219
0065MX,-1,EA,2T44697918,145103219
3115MX,-1,EA,2T44697918,145103219
208KMX,-1,EA,2ZJ7069923,145100819
384KMX,-2,EA,2ZJ7069923,145100819
1610MX,-1,EA,2ZJ7069923,145100819
1829MX,-1,EA,2ZJ7069923,145100819
2374MX,-1,EA,2ZJ7069923,145100819
1428MX,-1,EA,2ZJ7069923,145100819
0964MX,-2,EA,2ZJ7069923,145100819
0565MX,-2,EA,2ZJ7069923,145100819
