2ZJ5425545,1609331430
2ZJ5425196,1609331570
2ZJ5424976,1609331673
2ZJ5424819,1609331824
2ZJ5424593,1609332130
2ZJ5424575,1609332196
2ZJ5424573,1609332292
2ZJ5424537,1609332340
2ZJ5424391,1609332421
2ZJ5424182,1609332782
2ZJ5435238,1919296982
2ZJ5435212,1919297483
2ZJ5435206,1919297586
2ZJ5435199,1919297811
2ZJ5438421,1919298080
2ZJ5438419,1919298544
2ZJ5438350,1919298636
2ZJ5438303,1919299001
2ZJ5438298,1919299336
2ZJ5438260,1919299782
2ZJ5438236,1919300106
2ZJ5438202,1919300176
2ZJ5437961,1919300633
2ZJ5437875,1919300950
2ZJ5437838,1919301226
2ZJ5437783,1919301381
2ZJ5437745,1919301403
2ZJ5437639,1919301926
2ZJ5437631,1919302000
2ZJ5437608,1919302066
2ZJ5437604,1919302125
2ZJ5437593,1919302195
2ZJ5437557,1919302276
2ZJ5437461,1919302943
2ZJ5437451,1919303035
2ZJ5437445,1919303131
2ZJ5437444,1919303175
2ZJ5439401,1919303584
2ZJ5439377,1919303735
2ZJ5439344,1919303842
2ZJ5439331,1919303960
2ZJ5439323,1919304015
2ZJ5439245,1919304203
2ZJ5439234,1919304306
2ZJ5439205,1919304376
2ZJ5439064,1919304682
2ZJ5439060,1919304800
2ZJ5438835,1919305360
2ZJ5438832,1919305544
2ZJ5438813,1919305614
2ZJ5438790,1919305710
2ZJ5438774,1919305861
2ZJ5438769,1919306266
2ZJ5438758,1919306362
2ZJ5438710,1919306443
2ZJ5438646,1919306815
2ZJ5438632,1919306911
2ZJ5438603,1919307121
2ZJ5438600,1919307224
2ZJ5438596,1919307261
2ZJ5438591,1919307412
2ZJ5439949,1919313056
2ZJ5439911,1919313093
2ZJ5439909,1919313141
2ZJ5439865,1919313476
2ZJ5439851,1919313524
2ZJ5439774,1919313561
2ZJ5439612,1919313572
2ZJ5439584,1919313686
2ZJ5439573,1919313771
2ZJ5440600,1919314003
2ZJ5440588,1919314040
2ZJ5440554,1919314095
2ZJ5440523,1919314202
2ZJ5440520,1919314246
2ZJ5440395,1919314364
2ZJ5440262,1919314434
2ZJ5440256,1919314515
8OJ5436762,1919314740
56G1165013,1919315333
2ZJ5441061,1919315672
2ZJ5441003,1919316022
2ZJ5440914,1919316055
2ZJ5440792,1919316556
2T43304488,1919316663
2T43302806,1919317050
2T43302670,1919317411
2T43302440,1919317466
2T43302251,1919317632
2T43301906,1919317783
2T43301431,1919318052
2T43300887,1919318144
2T43300066,1919318251
2T43296125,1919318354
2T43294867,1919318435
MMJ5431267,1919318682
2T43313244,1919318833
2T43312772,1919319010
2T43312705,1919319205
2T43312250,1919319651
2T43312209,1919319662
2ZJ5439721,2416325730
2T43315979,2448557241
2T43315914,2448557263
2T43315677,2448558125
2ZJ5444343,2448559326
2ZJ5444340,2448559400
2ZJ5444317,2448559691
2ZJ5444307,2448559805
2ZJ5444282,2448560122
2ZJ5444281,2448560380
2ZJ5444273,2448561102
2ZJ5444268,2448561452
2ZJ5444261,2448561721
2ZJ5444250,2448562303
2ZJ5444235,2448563132
2ZJ5444215,2448563563
2ZJ5444208,2448563854
2ZJ5444200,2448564451
2ZJ5444193,2448564915
2ZJ5444177,2448565722
2T43317805,2448567623
2T43317674,2448567844
2T43317631,2448568006
2T43317630,2448568146
2T43317595,2448568371
2T43317361,2448569454
2T43317310,2448569756
2T43317057,2448570515
2T43316982,2448570596
2T43316706,2448570795
2T43316681,2448570946
2T43316493,2448571053
2T43316212,2448571672
2ZJ5444377,2448572512
2ZJ5444370,2448572593
2ZJ5444365,2448572722
2ZJ5444364,2448572884
2ZJ5444353,2448572943
2ZJ5444349,2448573083
2ZJ5444347,2448573234
2T43318047,2448573610
2T43318013,2448573934
2ZJ5444174,2448574365
2ZJ5444162,2448574682
2ZJ5444127,2448575150
2ZJ5444084,2448576826
2ZJ5444078,2448577143
2ZJ5444032,2448577585
2ZJ5444025,2448577784
2ZJ5444024,2448577935
2ZJ5444022,2448578005
2ZJ5444021,2448578101
2ZJ5443983,2448578672
2ZJ5443982,2448578882
2ZJ5443961,2448579221
2ZJ5443944,2448579560
2ZJ5443920,2448579663
2ZJ5443897,2448579862
2ZJ5443892,2448579932
2ZJ5443881,2448580492
2ZJ5443841,2448580960
2ZJ5443828,2448582205
2ZJ5443813,2448582603
2ZJ5443785,2448582931
2ZJ5443758,2448583056
2ZJ5440917,2448587422
2ZJ5440817,2448587945
2ZJ5425224,2707410720
2ZJ5424853,2707410926
2ZJ5424594,2707411140
2ZJ5424429,2707411652
2ZJ5424304,2707411836
2ZJ5424271,2707411895
2ZJ5434060,2718855193
2T43311554,2897528292
2T43311282,2897528351
2T43311491,2897528362
2T43310977,2897528395
2T43309700,2897528616
2T43307669,2897528992
2T43303013,2897529235
2T43300073,2897529320
2ZJ5429921,2897530521
2ZJ5429829,2897530635
2ZJ5429666,2897530661
2ZJ5429612,2897530683
2ZJ5429377,2897530705
2ZJ5429223,2897530742
2ZJ5428617,2897530812
2ZJ5428275,2897530845
2ZJ5428127,2897530926
2ZJ5427759,2897531033
2ZJ5427636,2897531066
2ZJ5427082,2897531210
2ZJ5426896,2897531221
2ZJ5426879,2897531243
2ZJ5426672,2897531464
2ZJ5426426,2897531490
2ZJ5426177,2897531501
2ZJ5426024,2897531545
2T43312849,2897531954
2T43312918,2897531965
2T43313258,2897531976
2T43313348,2897531980
2T43313667,2897532186
2T43313921,2897532540
2T43313965,2897532595
2T43314055,2897532643
2T43314148,2897532676
2T43314165,2897532702
2T43314172,2897532735
2T43314231,2897532772
2T43314500,2897532842
2T43315506,2897532956
2T43315680,2897533030
2T43315763,2897533063
2T43315846,2897533085
2T43316094,2897533155
2T43316115,2897533166
2T43319740,2897541544
2T43319675,2897541603
2T43319400,2897541662
2T43319392,2897541695
2T43316275,2897541721
2T43316564,2897541765
2T43316671,2897541835
2T43317056,2897542060
2T43317323,2897542185
2T43317997,2897542292
2T43318145,2897542325
2T43319139,2897542421
2T43319246,2897542480
2T43319270,2897542535
2T43319308,2897542616
2ZJ5433160,2897547774
2ZJ5432868,2897547881
2ZJ5432823,2897547903
2ZJ5432665,2897547925
2ZJ5432140,2897548146
2ZJ5431785,2897548253
2ZJ5431704,2897548286
2ZJ5431268,2897548393
2ZJ5431112,2897548463
2ZJ5431071,2897548931
2ZJ5430796,2897549012
2ZJ5430872,2897551613
2ZJ5430533,2897551860
2ZJ5430491,2897551915
2ZJ5430484,2897552044
2ZJ5430075,2897552206
2ZJ5430064,2897552254
2ZJ5430061,2897552291
2ZJ5422288,3286335253
2ZJ5421839,3286375245
2ZJ5421806,3286375621
2ZJ5421702,3286375901
2ZJ5421670,3286376144
2ZJ5421643,3286376332
2ZJ5423378,3286378071
2ZJ5422171,3286381700
2ZJ5422105,3286381825
2ZJ5421551,3286382466
2T43311960,3636708390
2T43311895,3636709322
2T43311874,3636709731
2T43311867,3636710910
2T43311859,3636711245
2T43311846,3636711470
2T43311806,3636711901
2T43309856,3636712671
2T43309713,3636713264
2T43309561,3636714056
2T43309454,3636714922
2T43309271,3636715552
2T43309017,3636717630
2T43308915,3636717980
2T43308762,3636718514
2T43308349,3636720393
2T43308263,3636722250
2T43307864,3636723112
2T43307224,3636724195
2T43307194,3636724442
2T43307169,3636724700
2T43307050,3636725234
2T43306627,3636725551
2T43306024,3636726446
2T43305756,3636728616
2T43305746,3636728793
2T43305645,3636728970
2T43310569,3636730462
2T43310623,3636730974
2T43310777,3636731464
2T43310998,3636732046
2T43311183,3636732304
2T43311226,3636733203
2T43305414,3636733870
2T43313283,3636735163
2T43313274,3636735281
2ZJ5423842,3788447714
2ZJ5423697,3788447924
2ZJ5423515,3788448064
2ZJ5423404,3788448322
2ZJ5423103,3788448646
2ZJ5423030,3788448672
2ZJ5423015,3788448720
2ZJ5423011,3788448775
2ZJ5422885,3788449464
2ZJ5422770,3788449571
2ZJ5422686,3788449604
2ZJ5422433,3788449685
2ZJ5422400,3788449770
2ZJ5422341,3788449895
2ZJ5422253,3788449965
2ZJ5430010,3788470280
2ZJ5429996,3788470372
2ZJ5429939,3788470475
2ZJ5429930,3788470615
2ZJ5429854,3788474233
2ZJ5429830,3788474314
2ZJ5429795,3788474373
2ZJ5429745,3788474432
2ZJ5429711,3788475062
2ZJ5429693,3788475121
2ZJ5429690,3788475213
2ZJ5429658,3788475390
2ZJ5429636,3788475460
2ZJ5429588,3788476344
2ZJ5434804,3788500240
2ZJ5434744,3788500413
2ZJ5434727,3788500450
2ZJ5434686,3788500575
2ZJ5434674,3788500671
2ZJ5434657,3788500726
2ZJ5434601,3788501205
2ZJ5434557,3788501242
2ZJ5434550,3788501312
2ZJ5434496,3788501430
2ZJ5434483,3788501485
2ZJ5434409,3788501776
2ZJ5434393,3788501894
2ZJ5434382,3788501920
2ZJ5434338,3788502034
2ZJ5434316,3788502082
2ZJ5434288,3788502292
2ZJ5434252,3788502432
2ZJ5434249,3788502535
2ZJ5434223,3788502616
2ZJ5437062,3788502664
2ZJ5436956,3788503040
2ZJ5436937,3788503154
2ZJ5436872,3788503320
2ZJ5436855,3788503375
2ZJ5436844,3788503412
2ZJ5436833,3788503541
2ZJ5436795,3788503681
2ZJ5436757,3788503854
2ZJ5436734,3788503913
2ZJ5436686,3788504403
2ZJ5436604,3788504801
2ZJ5436572,3788505000
2ZJ5436515,3788505280
2ZJ5436456,3788505475
2ZJ5436419,3788505560
2ZJ5436363,3788505770
2ZJ5436301,3788505910
2ZJ5436108,3788506083
2ZJ5436103,3788506190
2ZJ5436089,3788506256
2ZJ5436054,3788506455
2ZJ5436034,3788506536
2ZJ5436025,3788506595
2ZJ5436017,3788506702
2ZJ5435997,3788506750
2ZJ5435952,3788506816
2ZJ5435939,3788506982
2ZJ5435863,3788507295
2ZJ5435836,3788507391
2ZJ5435818,3788507656
2ZJ5435761,3788507774
2ZJ5435758,3788507811
2ZJ5435751,3788507903
2ZJ5435712,3788507995
2ZJ5435643,3788508275
2ZJ5435636,3788508334
2ZJ5435604,3788508452
2ZJ5435551,3788508776
2ZJ5435481,3788508916
2ZJ5435427,3788509023
2ZJ5435417,3788509056
2ZJ5435396,3788509211
2ZJ5435388,3788509384
2ZJ5437830,3788518285
2ZJ5437408,3788518521
2ZJ5437398,3788518580
2ZJ5437346,3788518834
2ZJ5437329,3788519055
2ZJ5437255,3788519254
2ZJ5437254,3788519302
2ZJ5437110,3788519895
2ZJ5435352,3788520142
2ZJ5435337,3788520341
2ZJ5435332,3788520444
2ZJ5435250,3788520960
2ZJ5423764,4071087230
2ZJ5423750,4071087252
2ZJ5423235,4071087742
2ZJ5423112,4071087845
2ZJ5422986,4071088033
2ZJ5422772,4071088840
2ZJ5422533,4071088954
2T43322498,4071107902
2T43320547,4071108123
2ZJ5430052,4071108171
2ZJ5429927,4071108624
2ZJ5429891,4071112010
2ZJ5429715,4071112592
2ZJ5429704,4071112776
2ZJ5434778,4071137652
2ZJ5434760,4071137700
2ZJ5434712,4071137836
2ZJ5434683,4071137943
2ZJ5434677,4071138013
2ZJ5434645,4071138142
2ZJ5434615,4071138175
2ZJ5434604,4071138396
2ZJ5434545,4071138713
2ZJ5434529,4071138746
2ZJ5434413,4071139015
2ZJ5434411,4071139085
2ZJ5434379,4071139601
2ZJ5434278,4071140091
2ZJ5434238,4071140323
2ZJ5437027,4071140485
2ZJ5437009,4071140570
2ZJ5436979,4071140625
2ZJ5436975,4071140662
2ZJ5436927,4071140964
2ZJ5436794,4071141502
2ZJ5436718,4071141675
2ZJ5436696,4071141760
2ZJ5436693,4071141900
2ZJ5436688,4071142073
2ZJ5436681,4071142316
2ZJ5436618,4071142482
2ZJ5436585,4071142725
2ZJ5436554,4071142946
2ZJ5436552,4071143053
2ZJ5436510,4071143145
2ZJ5436486,4071143230
2ZJ5436468,4071143274
2ZJ5436390,4071143672
2ZJ5436362,4071143904
2ZJ5436321,4071143985
2ZJ5436300,4071144081
2ZJ5436130,4071144125
2ZJ5436104,4071144265
2ZJ5436081,4071144685
2ZJ5436065,4071144792
2ZJ5436021,4071145142
2ZJ5435964,4071145326
2ZJ5435888,4071145746
2ZJ5435858,4071145853
2ZJ5435828,4071145934
2ZJ5435826,4071146026
2ZJ5435810,4071146203
2ZJ5435752,4071146472
2ZJ5435724,4071146531
2ZJ5435691,4071146774
2ZJ5435630,4071147032
2ZJ5435629,4071147102
2ZJ5435575,4071147216
2ZJ5435569,4071147323
2ZJ5435559,4071147426
2ZJ5435539,4071147522
2ZJ5435512,4071147614
2ZJ5435477,4071147780
2ZJ5435409,4071147931
2ZJ5435372,4071148152
2T43311964,5847798740
2T43311962,5847799031
2T43311951,5847799635
2T43311879,5847800733
2T43311870,5847801444
2T43311795,5847803161
2T43309595,5847804760
2T43309417,5847806053
2T43309220,5847806554
2T43309169,5847807932
2T43308641,5847809914
2T43308451,5847810673
2T43308084,5847813451
2T43307652,5847814324
2T43307120,5847815411
2T43306958,5847816192
2T43306226,5847816446
2T43305925,5847816973
2T43309976,5847819051
2T43310041,5847819434
2T43310559,5847819666
2T43310578,5847820462
2T43310887,5847821361
2T43311576,5847822934
2T43311587,5847823203
2T43313618,5847823520
2T43313591,5847823590
2T43313526,5847823844
2T43313495,5847824043
2T43315705,6858687802
2T43315579,6858688830
2T43315552,6858689180
2T43315425,6858689390
2ZJ5444333,6858689622
2ZJ5444280,6858690996
2ZJ5444254,6858692072
2ZJ5444249,6858692455
2ZJ5444216,6858693376
2ZJ5444207,6858694091
2ZJ5444195,6858694474
2ZJ5444189,6858695023
2ZJ5444178,6858695395
2ZJ5444175,6858696036
2T43317952,6858697075
2T43317947,6858697204
2T43317849,6858697510
2T43317839,6858697694
2T43317836,6858697823
2T43317827,6858697974
2T43317785,6858698184
2T43317489,6858698840
2T43317462,6858698980
2T43317267,6858699492
2T43317260,6858699610
2T43317198,6858699890
2T43316926,6858700446
2T43316714,6858700586
2T43316491,6858701021
2T43316375,6858701172
2T43316348,6858701323
2T43316196,6858701511
2T43316040,6858701592
2ZJ5427964,6858701710
2ZJ5444383,6858702115
2ZJ5444346,6858703272
2T43318089,6858703482
2T43318042,6858703806
2T43317968,6858704005
2ZJ5444150,6858704650
2ZJ5444140,6858704786
2ZJ5444108,6858705184
2ZJ5444099,6858705313
2ZJ5444091,6858705604
2ZJ5444061,6858707262
2ZJ5444051,6858707402
2ZJ5444042,6858707634
2ZJ5444007,6858708323
2ZJ5443998,6858708426
2ZJ5443992,6858708603
2ZJ5443986,6858708776
2ZJ5443973,6858709196
2ZJ5443963,6858709314
2ZJ5443949,6858709491
2ZJ5443885,6858710261
2ZJ5443882,6858710552
2ZJ5443878,6858710806
2ZJ5443854,6858711053
2ZJ5443836,6858711263
2ZJ5443833,6858711473
2ZJ5443824,6858712781
2ZJ5443816,6858712976
2ZJ5443807,6858713396
2ZJ5443801,6858713514
2ZJ5441245,6858716163
2ZJ5441213,6858716594
2ZJ5441196,6858716981
2ZJ5441140,6858717541
2ZJ5441047,6858717832
2ZJ5441024,6858718075
2ZJ5441020,6858718252
2ZJ5440959,6858718436
2ZJ5440824,6858718775
2ZJ5440802,6858719232
2ZJ5440788,6858719475
2ZJ5429430,7112693980
2ZJ5429336,7112694562
2ZJ5429260,7112695682
2ZJ5429214,7112695951
2ZJ5429182,7112696113
2ZJ5429106,7112696301
2ZJ5429066,7112696430
2ZJ5428983,7112696651
2ZJ5428734,7112697476
2ZJ5428541,7112697572
2ZJ5428520,7112697745
2ZJ5428249,7112698353
2ZJ5428021,7112698913
2ZJ5427969,7112699042
2ZJ5434950,7112699436
2ZJ5434933,7112699576
2ZJ5434986,7112699705
2ZJ5434918,7112699856
2ZJ5435165,7112700416
2ZJ5435163,7112701374
2ZJ5435154,7112701746
2ZJ5435133,7112701912
2ZJ5435124,7112702100
2ZJ5435096,7112702726
2ZJ5435093,7112703032
2ZJ5435074,7112703360
2ZJ5435051,7112704325
2ZJ5435037,7112704513
2ZJ5434909,7112705051
2ZJ5434904,7112705725
2ZJ5434860,7112707066
2ZJ5434836,7112707792
M0J5433389,7350495773
2ZJ5441018,7350496064
2ZJ5440500,7350496134
2ZJ5440393,7350496355
2ZJ5439431,7350496904
2ZJ5439348,7350497184
2ZJ5439243,7350497545
2ZJ5439159,7350497840
2ZJ5439115,7350497976
2ZJ5438317,7350498374
2ZJ5438247,7350498551
2ZJ5437464,7350499310
2ZJ5436986,7350499450
2ZJ5436951,7350499586
2ZJ5436817,7350499704
2ZJ5436771,7350499752
2ZJ5436743,7350499796
2ZJ5436602,7350499866
2ZJ5436389,7350500194
2ZJ5435261,7350500986
2ZJ5434852,7350501034
2ZJ5434811,7350501060
2ZJ5434791,7350501141
2ZJ5434726,7350501395
2ZJ5434361,7350501664
2ZJ5434009,7350501874
2ZJ5433894,7350501911
2ZJ5433757,7350502191
2ZJ5433321,7350502460
2ZJ5421525,7393384084
2ZJ5421497,7393384191
2ZJ5421441,7393384305
2ZJ5421420,7393384515
2ZJ5421397,7393384644
2ZJ5421377,7393384751
2ZJ5421298,7393385145
2ZJ5421059,7393385753
2ZJ5421057,7393385893
2ZJ5421009,7393387584
2ZJ5420976,7393387702
2ZJ5420927,7393387875
2ZJ5420896,7393387960
2ZJ5420879,7393388085
2ZJ5420799,7393388133
2ZJ5420776,7393388295
2ZJ5420743,7393388402
2ZJ5420655,7393388575
2ZJ5420650,7393388634
2ZJ5420587,7393388730
2ZJ5420435,7393389721
2ZJ5420409,7393389931
2ZJ5420221,7393390174
2ZJ5420143,7393390406
2ZJ5420045,7393390686
2ZJ5419984,7393391095
2ZJ5419928,7393391202
2ZJ5419836,7393391666
2ZJ5419780,7393391880
2ZJ5419768,7393391994
2ZJ5419742,7393392075
2ZJ5419719,7393392204
2ZJ5419665,7393392241
2ZJ5419527,7393392473
2ZJ5419383,7393392694
2ZJ5419270,7393393173
2ZJ5419078,7393393291
2ZJ5419081,7393393361
2ZJ5419039,7393393744
2ZJ5429582,7393433714
2ZJ5429573,7393439756
2ZJ5429534,7393477464
2ZJ5429497,7393477604
2ZJ5429452,7393477803
2ZJ5429431,7393478153
2ZJ5429424,7393478654
2ZJ5429382,7393478831
2ZJ5429287,7393479564
2ZJ5429286,7393479855
2ZJ5429278,7393479984
2ZJ5428806,7393481432
2ZJ5428772,7393481620
2ZJ5428446,7393482832
2ZJ5428108,7393483506
2T43319421,7420194246
2T43310715,7824832886
2T43310234,7824832971
2T43310116,7824833074
2T43309097,7824833564
2T43307202,7824833811
2T43305434,7824833844
2T43305246,7824833870
2T43304832,7824833936
2T43304765,7824833995
2T43303998,7824834010
2T43302048,7824834065
2T43299590,7824834172
2T43295036,7824834253
2T43293843,7824834301
2T43293679,7824834356
2ZJ5429962,7824835594
2ZJ5429339,7824835793
2ZJ5429150,7824835841
2ZJ5428931,7824835852
2ZJ5428866,7824835874
2ZJ5428253,7824835992
2ZJ5428070,7824836084
2ZJ5427587,7824836202
2ZJ5427456,7824836224
2ZJ5427333,7824836246
2ZJ5427090,7824836294
2ZJ5426845,7824836342
2ZJ5426792,7824836375
2ZJ5426667,7824836876
2ZJ5426538,7824836891
2ZJ5425865,7824837086
2ZJ5425676,7824837123
2ZJ5425656,7824837160
2T43311593,7824837311
2T43311611,7824837344
2T43311683,7824837403
2T43311766,7824837436
2T43312180,7824837462
2T43312243,7824837510
2T43312355,7824837580
2T43312415,7824837720
2T43313023,7824837790
2T43313404,7824837871
2T43313466,7824837904
2T43313500,7824837926
2T43313565,7824837952
2T43313653,7824838206
2T43314278,7824839116
2T43314417,7824839120
2T43314714,7824839201
2T43314935,7824839234
2T43315019,7824839260
2T43315368,7824839293
2T43315392,7824839396
2T43315434,7824839470
2T43315436,7824839525
2T43315539,7824839643
2T43315649,7824839691
2T43315926,7824839864
2T43316000,7824839934
2T43316055,7824839956
2T43316246,7824840074
2T43319607,7824849966
2T43316779,7824850110
2T43317160,7824850191
2T43317288,7824850235
2T43317753,7824850294
2T43318417,7824850434
2T43318925,7824850471
2T43319223,7824850574
2ZJ5433180,7824856395
2ZJ5433155,7824856443
2ZJ5433093,7824856513
2ZJ5432894,7824856550
2ZJ5432664,7824856653
2ZJ5432416,7824856675
2ZJ5432367,7824856723
2ZJ5432240,7824856734
2ZJ5432205,7824856771
2ZJ5432163,7824856804
2ZJ5432154,7824856815
2ZJ5431978,7824856852
2ZJ5431952,7824856885
2ZJ5431888,7824856900
2ZJ5431875,7824856933
2ZJ5431874,7824856966
2ZJ5431795,7824856981
2ZJ5431682,7824857036
2ZJ5431469,7824857040
2ZJ5431410,7824857084
2ZJ5431385,7824857110
2ZJ5431369,7824857143
2ZJ5431235,7824857191
2ZJ5431056,7824857703
2ZJ5431030,7824857736
2ZJ5430797,7824857762
2ZJ5430782,7824859991
2ZJ5430735,7824860013
2ZJ5431015,7824860050
2ZJ5430573,7824860142
2ZJ5430387,7824860234
2ZJ5430143,7824860256
2ZJ5430142,7824860330
2T43318070,8017081936
2T43318386,8017082006
M0J5440217,8144759744
2ZJ5440139,8144760864
2ZJ5440123,8144761015
2ZJ5439303,8144761542
2ZJ5439201,8144761962
2ZJ5439030,8144762474
2ZJ5438881,8144762614
2ZJ5438213,8144763141
2ZJ5437913,8144763270
2ZJ5437812,8144763911
2ZJ5437741,8144763981
2ZJ5437243,8144764165
2ZJ5436905,8144764390
2ZJ5436535,8144764854
2ZJ5436466,8144764946
2ZJ5436310,8144765112
2ZJ5436253,8144765285
2ZJ5435614,8144765403
2ZJ5435535,8144765473
2ZJ5435272,8144765591
2ZJ5435263,8144765705
2ZJ5434981,8144765720
2ZJ5434774,8144766221
2ZJ5434755,8144766313
2ZJ5434511,8144766372
2ZJ5434219,8144766571
2ZJ5434171,8144766630
2ZJ5433871,8144766965
2ZJ5433693,8144767256
2ZJ5433414,8144767341
2ZJ5433293,8144767525
2ZJ5433267,8144767551
2ZJ5433194,8144767654
2ZJ5423647,8250744014
2ZJ5423467,8250744471
2ZJ5421831,8250789035
2ZJ5421762,8250789186
2ZJ5421729,8250789293
2ZJ5421693,8250789400
2ZJ5421651,8250789562
2ZJ5421595,8250789772
2ZJ5421568,8250789890
2ZJ5422090,8250794996
2ZJ5422086,8250795070
2ZJ5421975,8250795162
2ZJ5421914,8250795302
2ZJ5421853,8250795534
2ZJ5421362,8250796783
2ZJ5421319,8250796912
2ZJ5421287,8250797214
2ZJ5421149,8250797461
2ZJ5421094,8250797553
2ZJ5421085,8250797634
2ZJ5420965,8250799804
2ZJ5420691,8250800504
2ZJ5420534,8250800795
2ZJ5420527,8250800935
2ZJ5420498,8250801053
2ZJ5420430,8250801871
2ZJ5420240,8250802092
2ZJ5420189,8250802350
2ZJ5420004,8250802991
2ZJ5419915,8250803271
2ZJ5419913,8250803363
2ZJ5419877,8250803433
2ZJ5419875,8250803540
2ZJ5419818,8250803691
2ZJ5419580,8250804284
2ZJ5419496,8250804575
2ZJ5419276,8250804774
2ZJ5419079,8250805500
2ZJ5418864,8250805861
2ZJ5418760,8250806001
2ZJ5437414,8280675642
2ZJ5437349,8280675874
2ZJ5437314,8280676213
2ZJ5437287,8280676246
2ZJ5437278,8280676283
2ZJ5437179,8280676471
2ZJ5437177,8280676493
2ZJ5437168,8280676681
2ZJ5437099,8280676950
2ZJ5437073,8280677064
2ZJ5435364,8280677134
2ZJ5435357,8280677226
2ZJ5435339,8280677366
2ZJ5435288,8280677602
2ZJ5435285,8280677716
2ZJ5435264,8280677845
2ZJ5435237,8280678136
2ZJ5435233,8280678195
2ZJ5435227,8280678265
2ZJ5438431,8280678630
2ZJ5438342,8280679282
2ZJ5438339,8280679444
2ZJ5438279,8280679761
2ZJ5438262,8280679816
2ZJ5438245,8280680236
2ZJ5438084,8280680380
2ZJ5438057,8280680601
2ZJ5438047,8280680682
2ZJ5438044,8280680730
2ZJ5437992,8280680785
2ZJ5437925,8280680951
2ZJ5437916,8280680984
2ZJ5437864,8280681216
2ZJ5437807,8280681511
2ZJ5437737,8280681802
2ZJ5437724,8280681824
2ZJ5437665,8280682071
2ZJ5437648,8280682130
2ZJ5437474,8280682826
2ZJ5438500,8280683585
2ZJ5439523,8280683655
2ZJ5439440,8280683736
2ZJ5439436,8280683810
2ZJ5439381,8280684042
2ZJ5439262,8280684510
2ZJ5439248,8280684613
2ZJ5439200,8280684812
2ZJ5439175,8280684871
2ZJ5439170,8280685070
2ZJ5439162,8280685162
2ZJ5439110,8280685243
2ZJ5439029,8280685464
2ZJ5439010,8280685501
2ZJ5438905,8280685630
2ZJ5438851,8280685932
2ZJ5438772,8280686514
2ZJ5438703,8280686794
2ZJ5438678,8280686864
2ZJ5438672,8280686923
2ZJ5438606,8280687192
2ZJ5438579,8280687671
2ZJ5438552,8280687763
2ZJ5440184,8280692335
2ZJ5440164,8280692361
2ZJ5440141,8280692420
2ZJ5440110,8280692464
2ZJ5440098,8280692593
2ZJ5440084,8280692814
2ZJ5440080,8280692895
2ZJ5439999,8280692976
2ZJ5439898,8280693175
2ZJ5439881,8280693315
2ZJ5439870,8280693363
2ZJ5439593,8280693610
2ZJ5440789,8280693816
2ZJ5440777,8280693886
2ZJ5440690,8280693912
2ZJ5440430,8280694306
2ZJ5440423,8280694376
2ZJ5440263,8280694516
2ZJ5440235,8280694785
M0J5437178,8280694881
8IJ5441056,8280695010
6OJ5432945,8280695135
50H5332594,8280695430
50H5332274,8280695555
50H5331899,8280695640
2ZJ5441043,8280695916
2ZJ5441007,8280696115
2ZJ5440891,8280696255
2ZJ5440877,8280696336
2ZJ5440843,8280696406
2ZJ5440825,8280696535
2T43304226,8280696664
2T43303762,8280696723
2T43302957,8280696771
2T43302854,8280696874
2T43302772,8280697180
2T43302403,8280697434
2T43302395,8280697471
2T43301866,8280697806
2T43301497,8280697854
2T43299874,8280698285
2T43295329,8280698355
2T43294264,8280698392
11J5450628,8280698425
TMJ5431229,8280698473
M0J5438935,8280698635
2T43313040,8280698742
2T43312957,8280698871
2T43312856,8280699055
2T43312392,8280699486
2T43312343,8280699545
2T43312338,8280699626
2T43312043,8280699910
2ZJ5434976,9417457302
2ZJ5435190,9417458201
2ZJ5435102,9417460533
2ZJ5435069,9417461771
2ZJ5435056,9417462202
2ZJ5435014,9417462880
2ZJ5434906,9417463484
2ZJ5434893,9417464173
2ZJ5434876,9417464711
2ZJ5434862,9417464873
2ZJ5434859,9417465551
2ZJ5434814,9417466181
2ZJ5434810,9417466413
