,-1,EA,2ZJ4669390,140794234
1610MX,-1,EA,2ZJ4669390,140794234
2131MX,-1,EA,2ZJ4669390,140794234
2631MX,-2,EA,2ZJ4669390,140794234
0963MX,-3,EA,2ZJ4669390,140794234
4007MX,-1,EA,2ZJ4669390,140794234
4000MX,-2,EA,2ZJ4669390,140794234
0364MX,-2,EA,2ZJ4669390,140794234
3119MX,-1,EA,2ZJ4669390,140794234
0064MX,-1,EA,2ZJ4669390,140794234
0085MX,-1,EA,2ZJ4669390,140794234
0565MX,-2,EA,2ZJ4669390,140794234
0032MX,-1,EA,2ZJ4669390,140794234
3C61MX,-1,EA,2ZJ4682917,140828938
1120MX,-2,EA,2ZJ4678253,140820477
3121MX,-3,EA,2ZJ4678253,140820477
030KMX,-1,EA,2ZJ4678253,140820477
044KMX,-5,EA,2ZJ4678253,140820477
0884MX,-1,EA,2ZJ4678253,140820477
2648MX,-5,EA,2ZJ4678253,140820477
2131MX,-10,EA,2ZJ4678253,140820477
0831MX,-2,EA,2ZJ4678253,140820477
1473MX,-2,EA,2ZJ4678253,140820477
1061MX,-2,EA,2ZJ4678253,140820477
0964MX,-2,EA,2ZJ4678253,140820477
4007MX,-5,EA,2ZJ4678253,140820477
4000MX,-2,EA,2ZJ4678253,140820477
4001MX,-5,EA,2ZJ4678253,140820477
0366MX,-1,EA,2ZJ4678253,140820477
0364MX,-2,EA,2ZJ4678253,140820477
3119MX,-3,EA,2ZJ4678253,140820477
1188MX,-5,EA,2ZJ4678253,140820477
0370MX,-5,EA,2ZJ4678253,140820477
3123MX,-2,EA,2ZJ4678253,140820477
0565MX,-5,EA,2ZJ4678253,140820477
2864MX,-3,EA,2ZJ4678253,140820477
0039MX,-2,EA,2ZJ4678253,140820477
4000MX,-1,EA,2T42356023,140823274
0079MX,-1,EA,2T42356023,140823274
3C62MX,-1,EA,2ZJ4683008,140829112
426MMX,-4,EA,2T42358604,140829231
282MMX,-4,EA,2T42358604,140829231
0899MX,-1,EA,2T42358604,140829231
0767MX,-1,EA,2T42358604,140829231
0413MX,-4,EA,2T42358604,140829231
0884MX,-1,EA,2ZJ4679355,140822492
1610MX,-1,EA,2ZJ4679355,140822492
2648MX,-1,EA,2ZJ4679355,140822492
1926MX,-1,EA,2ZJ4679355,140822492
2631MX,-1,EA,2ZJ4679355,140822492
0922MX,-1,EA,2ZJ4679355,140822492
0963MX,-1,EA,2ZJ4679355,140822492
4002MX,-1,EA,2ZJ4679355,140822492
4000MX,-1,EA,2ZJ4679355,140822492
0366MX,-1,EA,2ZJ4679355,140822492
3119MX,-1,EA,2ZJ4679355,140822492
3525MX,-2,EA,2ZJ4679355,140822492
1065MX,-1,EA,2ZJ4679355,140822492
3123MX,-1,EA,2ZJ4679355,140822492
0565MX,-1,EA,2ZJ4679355,140822492
2864MX,-1,EA,2ZJ4679355,140822492
3115MX,-1,EA,2ZJ4679355,140822492
177MMX,-1,EA,2ZJ4683050,140829171
426MMX,-1,EA,2ZJ4683050,140829171
282MMX,-1,EA,2ZJ4683050,140829171
0565MX,-1,EA,2ZJ4683050,140829171
S202MX,-1,EA,2ZJ4683050,140829171
0884MX,-1,EA,2ZJ4679832,140823347
1610MX,-1,EA,2ZJ4679832,140823347
2631MX,-1,EA,2ZJ4679832,140823347
0922MX,-1,EA,2ZJ4679832,140823347
4002MX,-1,EA,2ZJ4679832,140823347
4000MX,-1,EA,2ZJ4679832,140823347
1065MX,-1,EA,2ZJ4679832,140823347
0085MX,-2,EA,2ZJ4679832,140823347
177MMX,-1,EA,2ZJ4682925,140828972
426MMX,-1,EA,2ZJ4682925,140828972
282MMX,-1,EA,2ZJ4682925,140828972
N487MX,-5,EA,2ZJ4682925,140828972
N173MX,-3,EA,2ZJ4682925,140828972
N173MX,-1,EA,2ZJ4682925,140828972
0765MX,-1,EA,2ZJ4682925,140828972
0413MX,-2,EA,2ZJ4682925,140828972
6124MX,-2,EA,2ZJ4682925,140828972
9947MX,-10,EA,2ZJ4682925,140828972
8654MX,-4,EA,2ZJ4682925,140828972
1610MX,-1,EA,2ZJ4680357,140824288
298A,-10,EA,2ZJ4680357,140824288
2631MX,-2,EA,2ZJ4680357,140824288
0413MX,-2,EA,2ZJ4680357,140824288
9947MX,-5,EA,2ZJ4680357,140824288
1065MX,-1,EA,2ZJ4680357,140824288
1019MX,-1,EA,2ZJ4680357,140824288
1926MX,-1,EA,2ZJ4680647,140824875
2364MX,-1,EA,2ZJ4680647,140824875
0831MX,-1,EA,2ZJ4680647,140824875
1841MX,-1,EA,2ZJ4680647,140824875
4007MX,-1,EA,2ZJ4680647,140824875
0085MX,-1,EA,2ZJ4680647,140824875
0032MX,-2,EA,2ZJ4680647,140824875
049KMX,-1,EA,2ZJ4680710,140824954
1412MX,-1,EA,2ZJ4680710,140824954
2631MX,-1,EA,2ZJ4680710,140824954
0964MX,-1,EA,2ZJ4680710,140824954
4002MX,-1,EA,2ZJ4680710,140824954
4000MX,-1,EA,2ZJ4680710,140824954
4001MX,-1,EA,2ZJ4680710,140824954
1065MX,-1,EA,2ZJ4680710,140824954
0085MX,-1,EA,2ZJ4680710,140824954
2864MX,-1,EA,2ZJ4680710,140824954
1610MX,-2,EA,2ZJ4679445,140822655
1926MX,-2,EA,2ZJ4679445,140822655
4000MX,-1,EA,2ZJ4679445,140822655
0364MX,-1,EA,2ZJ4679445,140822655
1019MX,-1,EA,2ZJ4679445,140822655
0884MX,-1,EA,2ZJ4681979,140827232
1926MX,-4,EA,2ZJ4681979,140827232
2631MX,-1,EA,2ZJ4681979,140827232
0964MX,-1,EA,2ZJ4681979,140827232
4002MX,-1,EA,2ZJ4681979,140827232
4000MX,-1,EA,2ZJ4681979,140827232
3119MX,-2,EA,2ZJ4681979,140827232
2641MX,-4,EA,2ZJ4681979,140827232
1065MX,-1,EA,2ZJ4681979,140827232
0085MX,-4,EA,2ZJ4681979,140827232
1019MX,-4,EA,2ZJ4681979,140827232
177MMX,-1,EA,2T42357998,140827758
3121MX,-2,EA,2T42357998,140827758
2648MX,-2,EA,2T42357998,140827758
2131MX,-4,EA,2T42357998,140827758
1926MX,-4,EA,2T42357998,140827758
2555MX,-1,EA,2T42357998,140827758
1841MX,-1,EA,2T42357998,140827758
0964MX,-1,EA,2T42357998,140827758
2644MX,-1,EA,2T42357998,140827758
4002MX,-1,EA,2T42357998,140827758
4007MX,-1,EA,2T42357998,140827758
4000MX,-1,EA,2T42357998,140827758
3119MX,-2,EA,2T42357998,140827758
2641MX,-1,EA,2T42357998,140827758
2864MX,-2,EA,2T42357998,140827758
N487MX,-3,EA,2ZJ4681481,140826375
1926MX,-1,EA,2ZJ4681481,140826375
2641MX,-1,EA,2ZJ4681481,140826375
0085MX,-1,EA,2ZJ4681481,140826375
1019MX,-1,EA,2ZJ4681481,140826375
3121MX,-1,EA,2ZJ4659234,140774112
044KMX,-1,EA,2ZJ4659234,140774112
1926MX,-1,EA,2ZJ4659234,140774112
2555MX,-1,EA,2ZJ4659234,140774112
1473MX,-1,EA,2ZJ4659234,140774112
2631MX,-1,EA,2ZJ4659234,140774112
0922MX,-1,EA,2ZJ4659234,140774112
4000MX,-1,EA,2ZJ4659234,140774112
4001MX,-1,EA,2ZJ4659234,140774112
1094MX,-2,EA,2ZJ4659234,140774112
3175MX,-1,EA,2ZJ4659234,140774112
688NMX,-1,EA,2ZJ4682997,140829095
682NMX,-1,EA,2ZJ4682997,140829095
602797,-1,EA,2ZJ4682997,140829095
602764,-1,EA,2ZJ4682997,140829095
177MMX,-1,EA,2T42358245,140828317
426MMX,-1,EA,2T42358245,140828317
282MMX,-1,EA,2T42358245,140828317
0413MX,-1,EA,2T42358245,140828317
1829MX,-1,EA,2T42357992,140827737
1926MX,-1,EA,2T42357992,140827737
4007MX,-1,EA,2T42357992,140827737
4000MX,-1,EA,2T42357992,140827737
2631MX,-24,EA,2ZJ4681825,140826994
0940MX,-12,EA,2ZJ4681825,140826994
4000MX,-12,EA,2ZJ4681825,140826994
1065MX,-24,EA,2ZJ4681825,140826994
1094MX,-10,EA,2ZJ4681825,140826994
1019MX,-24,EA,2ZJ4681825,140826994
177MMX,-1,EA,2T42353633,140817484
426MMX,-1,EA,2T42353633,140817484
282MMX,-1,EA,2T42353633,140817484
049KMX,-1,EA,2T42353633,140817484
0884MX,-1,EA,2T42353633,140817484
1829MX,-1,EA,2T42353633,140817484
2131MX,-1,EA,2T42353633,140817484
2631MX,-1,EA,2T42353633,140817484
0940MX,-1,EA,2T42353633,140817484
0085MX,-1,EA,2T42353633,140817484
0370MX,-1,EA,2T42353633,140817484
2864MX,-1,EA,2T42353633,140817484
1155MX,-1,EA,2T42353633,140817484
3176MX,-1,EA,2T42353633,140817484
0077MX,-1,EA,2T42353633,140817484
2631MX,-2,EA,2ZJ4677384,140818909
0964MX,-1,EA,2ZJ4677384,140818909
4002MX,-1,EA,2ZJ4677384,140818909
0085MX,-2,EA,2ZJ4677384,140818909
0884MX,-1,EA,2ZJ4679086,140821988
1926MX,-1,EA,2ZJ4679086,140821988
0963MX,-1,EA,2ZJ4679086,140821988
0085MX,-1,EA,2ZJ4679086,140821988
1019MX,-1,EA,2ZJ4679086,140821988
0065MX,-1,EA,2ZJ4679086,140821988
H253MX,-5,EA,2T42357790,140827264
690095,-3,EA,2T42357790,140827264
298A,-3,EA,2T42357790,140827264
2631MX,-1,EA,2T42357790,140827264
0963MX,-3,EA,2T42357790,140827264
4011MX,-3,EA,2T42357790,140827264
9947MX,-3,EA,2T42357790,140827264
8504MX,-3,EA,2T42357790,140827264
7056MX,-3,EA,2T42357790,140827264
2631MX,-1,EA,2T42357139,140825777
4002MX,-1,EA,2T42357139,140825777
4000MX,-1,EA,2T42357139,140825777
0085MX,-1,EA,2T42357139,140825777
1C54MX,-1,EA,2ZJ4682709,140828612
0884MX,-1,EA,2T42357586,140826753
3150MX,-1,EA,2T42357586,140826753
1019MX,-1,EA,2T42357586,140826753
177MMX,-1,EA,2ZJ4682370,140827960
426MMX,-1,EA,2ZJ4682370,140827960
282MMX,-1,EA,2ZJ4682370,140827960
103KMX,-1,EA,2ZJ4682370,140827960
426MMX,-1,EA,2T42357124,140825693
282MMX,-1,EA,2T42357124,140825693
2631MX,-2,EA,2ZJ4680847,140825227
0922MX,-1,EA,2ZJ4680847,140825227
4000MX,-1,EA,2ZJ4680847,140825227
0085MX,-1,EA,2ZJ4680847,140825227
3121MX,-1,EA,2T42355276,140821466
2631MX,-1,EA,2T42355276,140821466
4000MX,-1,EA,2T42355276,140821466
0085MX,-2,EA,2T42355276,140821466
0884MX,-1,EA,2T42356773,140824877
0964MX,-1,EA,2T42356773,140824877
1065MX,-2,EA,2T42356535,140824318
0085MX,-2,EA,2T42356535,140824318
1019MX,-2,EA,2T42356535,140824318
4000MX,-1,EA,2T42357390,140826301
008SMX,-1,EA,2ZJ4682541,140828264
3C32MX,-1,EA,2ZJ4682517,140828215
963SMX,-2,EA,2ZJ4682821,140828764
694NMX,-1,EA,2ZJ4682821,140828764
691NMX,-1,EA,2ZJ4682821,140828764
683NMX,-1,EA,2ZJ4682821,140828764
605837,-1,EA,2ZJ4682821,140828764
602797,-1,EA,2ZJ4682821,140828764
2631MX,-1,EA,2ZJ4682636,140828447
1095MX,-3,EA,2ZJ4682636,140828447
2631MX,-1,EA,2T42356809,140825021
1065MX,-1,EA,2T42356809,140825021
177MMX,-1,EA,2ZJ4681961,140827252
3121MX,-1,EA,2ZJ4681961,140827252
1610MX,-1,EA,2ZJ4681961,140827252
2131MX,-3,EA,2ZJ4681961,140827252
1926MX,-1,EA,2ZJ4681961,140827252
0831MX,-1,EA,2ZJ4681961,140827252
1473MX,-1,EA,2ZJ4681961,140827252
3119MX,-1,EA,2ZJ4681961,140827252
1065MX,-1,EA,2ZJ4681961,140827252
1019MX,-1,EA,2ZJ4681961,140827252
1926MX,-1,EA,2T42355443,140821794
1428MX,-1,EA,2T42355443,140821794
0963MX,-1,EA,2T42355443,140821794
3119MX,-1,EA,2T42355443,140821794
0085MX,-2,EA,2T42355443,140821794
1019MX,-1,EA,2T42355443,140821794
464LMX,-1,EA,2T42357812,140827370
3525MX,-1,EA,2T42357812,140827370
1829MX,-1,EA,2T42354816,140820310
2631MX,-1,EA,2T42354816,140820310
0963MX,-1,EA,2T42354816,140820310
4000MX,-1,EA,2T42354816,140820310
1019MX,-1,EA,2T42354816,140820310
049KMX,-1,EA,2ZJ4681143,140825794
2648MX,-3,EA,2ZJ4681143,140825794
0831MX,-1,EA,2ZJ4681143,140825794
632AMX,-1,EA,2ZJ4681143,140825794
2631MX,-1,EA,2ZJ4681143,140825794
0964MX,-1,EA,2ZJ4681143,140825794
0899MX,-1,EA,2ZJ4681143,140825794
4000MX,-1,EA,2ZJ4681143,140825794
0085MX,-1,EA,2ZJ4681143,140825794
1019MX,-1,EA,2ZJ4681143,140825794
177MMX,-1,EA,2ZJ4680292,140824165
426MMX,-1,EA,2ZJ4680292,140824165
282MMX,-1,EA,2ZJ4680292,140824165
2631MX,-3,EA,2ZJ4680292,140824165
0964MX,-1,EA,2ZJ4680292,140824165
4002MX,-1,EA,2ZJ4680292,140824165
4000MX,-2,EA,2ZJ4680292,140824165
4001MX,-1,EA,2ZJ4680292,140824165
0085MX,-1,EA,2ZJ4680292,140824165
1610MX,-1,EA,2ZJ4682749,140828663
3119MX,-1,EA,2ZJ4682749,140828663
3146MX,-1,EA,2ZJ4682749,140828663
0085MX,-1,EA,2ZJ4682749,140828663
3121MX,-3,EA,2T42358370,140828624
044KMX,-2,EA,2T42358370,140828624
1610MX,-1,EA,2T42358370,140828624
177MMX,-3,EA,2T42357705,140827061
426MMX,-3,EA,2T42357705,140827061
282MMX,-3,EA,2T42357705,140827061
426MMX,-1,EA,2T42358175,140828174
282MMX,-1,EA,2T42358175,140828174
0079MX,-1,EA,2T42358214,140828373
0077MX,-1,EA,2T42358214,140828373
177MMX,-1,EA,2T42358274,140828453
426MMX,-1,EA,2T42358274,140828453
282MMX,-1,EA,2T42358274,140828453
1926MX,-2,EA,2T42358274,140828453
1094MX,-2,EA,2T42358274,140828453
0831MX,-1,EA,2T42356262,140823701
0922MX,-1,EA,2T42356262,140823701
0963MX,-1,EA,2T42356262,140823701
426MMX,-2,EA,2T42355238,140821350
282MMX,-2,EA,2T42355238,140821350
0267MX,-1,EA,2T42357649,140826916
0413MX,-1,EA,2T42357649,140826916
2648MX,-2,EA,2T42354984,140820853
2631MX,-1,EA,2T42354984,140820853
3119MX,-1,EA,2T42354984,140820853
0085MX,-1,EA,2T42354984,140820853
282MMX,-1,EA,2T42356806,140824989
0767MX,-1,EA,2T42356806,140824989
0766MX,-1,EA,2T42356806,140824989
3119MX,-1,EA,2T42356806,140824989
2131MX,-1,EA,2T42358072,140827917
1473MX,-1,EA,2T42358072,140827917
4002MX,-1,EA,2T42358072,140827917
4000MX,-1,EA,2T42358072,140827917
1926MX,-1,EA,2T42356519,140824276
0964MX,-1,EA,2T42356519,140824276
0963MX,-1,EA,2T42356519,140824276
0940MX,-1,EA,2T42356519,140824276
0085MX,-1,EA,2T42356519,140824276
1094MX,-1,EA,2T42356519,140824276
0032MX,-1,EA,2T42356519,140824276
1019MX,-1,EA,2T42356519,140824276
177MMX,-1,EA,2ZJ4682132,140827506
426MMX,-1,EA,2ZJ4682132,140827506
282MMX,-1,EA,2ZJ4682132,140827506
1926MX,-1,EA,2ZJ4682132,140827506
4004MX,-1,EA,2ZJ4682132,140827506
3119MX,-1,EA,2ZJ4682132,140827506
2641MX,-1,EA,2ZJ4682132,140827506
289KMX,-2,EA,2T42337218,140798327
0884MX,-2,EA,2T42337218,140798327
1829MX,-3,EA,2T42337218,140798327
1061MX,-5,EA,2T42337218,140798327
2631MX,-12,EA,2T42337218,140798327
1094MX,-5,EA,2T42337218,140798327
0565MX,-10,EA,2T42337218,140798327
1155MX,-10,EA,2T42337218,140798327
3121MX,-1,EA,2ZJ4681956,140827208
1638MX,-2,EA,2ZJ4681956,140827208
690095,-1,EA,2ZJ4681956,140827208
2131MX,-2,EA,2ZJ4681956,140827208
2555MX,-1,EA,2ZJ4681956,140827208
1473MX,-1,EA,2ZJ4681956,140827208
298A,-1,EA,2ZJ4681956,140827208
2631MX,-3,EA,2ZJ4681956,140827208
0922MX,-4,EA,2ZJ4681956,140827208
0963MX,-1,EA,2ZJ4681956,140827208
0963MX,-1,EA,2ZJ4681956,140827208
4011MX,-1,EA,2ZJ4681956,140827208
4002MX,-1,EA,2ZJ4681956,140827208
0366MX,-1,EA,2ZJ4681956,140827208
3119MX,-1,EA,2ZJ4681956,140827208
9947MX,-1,EA,2ZJ4681956,140827208
8504MX,-1,EA,2ZJ4681956,140827208
7056MX,-1,EA,2ZJ4681956,140827208
1019MX,-2,EA,2ZJ4681956,140827208
1841MX,-5,EA,2ZJ4681700,140826767
2631MX,-12,EA,2ZJ4681700,140826767
4002MX,-12,EA,2ZJ4681700,140826767
4004MX,-12,EA,2ZJ4681700,140826767
4000MX,-14,EA,2ZJ4681700,140826767
0064MX,-10,EA,2ZJ4681700,140826767
1065MX,-12,EA,2ZJ4681700,140826767
0370MX,-13,EA,2ZJ4681700,140826767
0370MX,-7,EA,2ZJ4681700,140826767
3123MX,-5,EA,2ZJ4681700,140826767
1019MX,-12,EA,2ZJ4681700,140826767
688NMX,-1,EA,2ZJ4682650,140828471
682NMX,-1,EA,2ZJ4682650,140828471
602797,-1,EA,2ZJ4682650,140828471
602764,-1,EA,2ZJ4682650,140828471
3C32MX,-1,EA,2ZJ4682384,140828015
688NMX,-1,EA,2ZJ4680293,140824163
682NMX,-1,EA,2ZJ4680293,140824163
602797,-1,EA,2ZJ4680293,140824163
602764,-1,EA,2ZJ4680293,140824163
0370MX,-1,EA,2ZJ4680293,140824163
3115MX,-1,EA,2ZJ4680293,140824163
426MMX,-1,EA,2ZJ4681203,140825880
282MMX,-1,EA,2ZJ4681203,140825880
4000MX,-1,EA,2ZJ4681203,140825880
0565MX,-1,EA,2ZJ4681203,140825880
3115MX,-1,EA,2ZJ4681203,140825880
0413MX,-2,EA,2ZJ4681415,140826216
1065MX,-1,EA,2ZJ4667978,140791988
1610MX,-1,EA,2T42355816,140822684
3119MX,-1,EA,2T42355816,140822684
0085MX,-1,EA,2T42355816,140822684
1638MX,-3,EA,2T42358042,140827847
049KMX,-4,EA,2T42358042,140827847
044KMX,-3,EA,2T42358042,140827847
0884MX,-4,EA,2T42358042,140827847
0831MX,-4,EA,2T42358042,140827847
1428MX,-3,EA,2T42358042,140827847
2631MX,-6,EA,2T42358042,140827847
0922MX,-3,EA,2T42358042,140827847
0963MX,-3,EA,2T42358042,140827847
0940MX,-4,EA,2T42358042,140827847
2644MX,-2,EA,2T42358042,140827847
4002MX,-4,EA,2T42358042,140827847
4004MX,-4,EA,2T42358042,140827847
4000MX,-4,EA,2T42358042,140827847
3119MX,-4,EA,2T42358042,140827847
1095MX,-4,EA,2T42358042,140827847
2641MX,-2,EA,2T42358042,140827847
1188MX,-4,EA,2T42358042,140827847
1065MX,-6,EA,2T42358042,140827847
0085MX,-3,EA,2T42358042,140827847
0032MX,-3,EA,2T42358042,140827847
1019MX,-6,EA,2T42358042,140827847
177MMX,-5,EA,2T42358307,140828481
426MMX,-5,EA,2T42358307,140828481
282MMX,-5,EA,2T42358307,140828481
1061MX,-1,EA,2T42358307,140828481
0963MX,-1,EA,2T42358057,140828012
3119MX,-1,EA,2T42358057,140828012
1065MX,-1,EA,2T42358057,140828012
0085MX,-1,EA,2T42358057,140828012
177MMX,-5,EA,2T42358395,140828761
2648MX,-1,EA,2T42358119,140828031
1417MX,-1,EA,2T42358119,140828031
3525MX,-1,EA,2T42358119,140828031
3C61MX,-1,EA,2ZJ4682743,140828650
3C61MX,-1,EA,11J4682753,140828623
688NMX,-1,EA,2ZJ4682351,140827909
682NMX,-1,EA,2ZJ4682351,140827909
602797,-1,EA,2ZJ4682351,140827909
602764,-1,EA,2ZJ4682351,140827909
688NMX,-1,EA,2ZJ4682494,140828200
682NMX,-1,EA,2ZJ4682494,140828200
602797,-1,EA,2ZJ4682494,140828200
602764,-1,EA,2ZJ4682494,140828200
3119MX,-1,EA,2T42357828,140827361
0413MX,-1,EA,2T42357828,140827361
3C32MX,-1,EA,2ZJ4682837,140828806
177MMX,-1,EA,2ZJ4677546,140819203
282MMX,-1,EA,2ZJ4677546,140819203
0413MX,-2,EA,2ZJ4677546,140819203
0413MX,-4,EA,2ZJ4681530,140826464
2631MX,-1,EA,2T42356952,140825334
2644MX,-1,EA,2T42356952,140825334
0884MX,-1,EA,2ZJ4679628,140823014
1610MX,-1,EA,2ZJ4679628,140823014
1926MX,-2,EA,2ZJ4679628,140823014
4002MX,-1,EA,2ZJ4679628,140823014
4000MX,-3,EA,2ZJ4679628,140823014
4001MX,-1,EA,2ZJ4679628,140823014
1065MX,-1,EA,2ZJ4679628,140823014
1019MX,-4,EA,2ZJ4679628,140823014
2131MX,-1,EA,2ZJ4682641,140828460
4000MX,-1,EA,2ZJ4682641,140828460
1095MX,-2,EA,2ZJ4682641,140828460
1065MX,-1,EA,2ZJ4682641,140828460
0085MX,-3,EA,2ZJ4682641,140828460
1019MX,-1,EA,2ZJ4682641,140828460
1829MX,-1,EA,2ZJ4661436,140778255
2131MX,-1,EA,2ZJ4661436,140778255
4004MX,-1,EA,2ZJ4661436,140778255
4001MX,-1,EA,2ZJ4661436,140778255
1188MX,-1,EA,2ZJ4661436,140778255
0079MX,-1,EA,2ZJ4661436,140778255
0565MX,-1,EA,2ZJ4661436,140778255
3150MX,-1,EA,2ZJ4661436,140778255
3115MX,-1,EA,2ZJ4661436,140778255
0085MX,-3,EA,2ZJ4679119,140822052
0963MX,-1,EA,2ZJ4681823,140826996
0085MX,-1,EA,2ZJ4681823,140826996
1019MX,-2,EA,2ZJ4681823,140826996
3C32MX,-1,EA,2ZJ4681940,140827186
0831MX,-1,EA,2ZJ4678768,140821382
2374MX,-1,EA,2ZJ4678768,140821382
1061MX,-1,EA,2ZJ4678768,140821382
0413MX,-5,EA,2ZJ4678768,140821382
0085MX,-1,EA,2ZJ4678768,140821382
163LMX,-1,EA,2ZJ4678258,140820503
0964MX,-1,EA,2ZJ4678258,140820503
0366MX,-1,EA,2ZJ4678258,140820503
1019MX,-1,EA,2ZJ4678258,140820503
3C61MX,-1,EA,2ZJ4682176,140827625
214MMX,-1,EA,2T42356687,140824659
177MMX,-1,EA,2T42356687,140824659
203MMX,-1,EA,2T42356687,140824659
426MMX,-1,EA,2T42356687,140824659
0768MX,-1,EA,2T42356687,140824659
0899MX,-1,EA,2T42356687,140824659
0766MX,-1,EA,2T42356687,140824659
214MMX,-1,EA,2ZJ4681997,140827273
177MMX,-1,EA,2ZJ4681997,140827273
203MMX,-1,EA,2ZJ4681997,140827273
426MMX,-1,EA,2ZJ4681997,140827273
282MMX,-1,EA,2ZJ4681997,140827273
2864MX,-6,EA,2ZJ4681997,140827273
2555MX,-1,EA,2ZJ4681807,140826977
4004MX,-2,EA,2ZJ4681807,140826977
2641MX,-2,EA,2ZJ4681807,140826977
3525MX,-1,EA,2ZJ4681807,140826977
1065MX,-2,EA,2ZJ4681807,140826977
2864MX,-2,EA,2ZJ4681807,140826977
4000MX,-1,EA,2ZJ4678485,140820940
0085MX,-1,EA,2ZJ4678485,140820940
0884MX,-1,EA,2ZJ4679383,140822546
0922MX,-1,EA,2ZJ4679383,140822546
0964MX,-1,EA,2ZJ4679383,140822546
4000MX,-2,EA,2ZJ4679383,140822546
3525MX,-2,EA,2ZJ4679383,140822546
0085MX,-1,EA,2ZJ4679383,140822546
1019MX,-2,EA,2ZJ4679383,140822546
0065MX,-1,EA,2ZJ4679383,140822546
2131MX,-1,EA,2ZJ4680393,140824351
0831MX,-1,EA,2ZJ4680393,140824351
1473MX,-1,EA,2ZJ4680393,140824351
0922MX,-1,EA,2ZJ4680393,140824351
0963MX,-2,EA,2ZJ4680393,140824351
1188MX,-1,EA,2ZJ4680393,140824351
1065MX,-2,EA,2ZJ4680393,140824351
0085MX,-2,EA,2ZJ4680393,140824351
1155MX,-1,EA,2ZJ4680393,140824351
0963MX,-1,EA,2T42354354,140819215
1019MX,-1,EA,2T42354354,140819215
0065MX,-1,EA,2T42354354,140819215
049KMX,-1,EA,2ZJ4676677,140817725
0884MX,-1,EA,2ZJ4676677,140817725
2631MX,-1,EA,2ZJ4676677,140817725
4002MX,-1,EA,2ZJ4676677,140817725
4004MX,-1,EA,2ZJ4676677,140817725
0413MX,-2,EA,2ZJ4676677,140817725
0085MX,-1,EA,2ZJ4676677,140817725
1019MX,-1,EA,2ZJ4676677,140817725
1610MX,-11,EA,2ZJ4677362,140818859
2631MX,-12,EA,2ZJ4677362,140818859
0079MX,-6,EA,2ZJ4677362,140818859
1155MX,-8,EA,2ZJ4677362,140818859
0922MX,-1,EA,2T42357838,140827371
4000MX,-1,EA,2T42357838,140827371
3C32MX,-1,EA,2ZJ4681723,140826836
2631MX,-1,EA,2ZJ4681670,140826709
4000MX,-2,EA,2ZJ4681670,140826709
4001MX,-1,EA,2ZJ4681670,140826709
044KMX,-1,EA,2ZJ4680981,140825449
1019MX,-1,EA,2ZJ4680981,140825449
426MMX,-2,EA,2ZJ4677047,140818350
282MMX,-1,EA,2ZJ4677047,140818350
0413MX,-3,EA,2ZJ4677047,140818350
214MMX,-1,EA,2T42357444,140826412
177MMX,-1,EA,2T42357444,140826412
203MMX,-1,EA,2T42357444,140826412
0831MX,-1,EA,2ZJ4680731,140824977
3119MX,-1,EA,2ZJ4680731,140824977
1019MX,-2,EA,2ZJ4680731,140824977
0065MX,-1,EA,2ZJ4680731,140824977
3C32MX,-1,EA,2ZJ4681923,140827133
455LMX,-1,EA,QQJ4682121,140827541
3C62MX,-1,EA,2ZJ4682158,140827574
2648MX,-3,EA,2ZJ4679188,140822195
0922MX,-2,EA,2ZJ4679188,140822195
3119MX,-4,EA,2ZJ4679188,140822195
1188MX,-1,EA,2ZJ4679188,140822195
2864MX,-6,EA,2ZJ4679188,140822195
1926MX,-1,EA,2ZJ4676828,140817986
4001MX,-1,EA,2ZJ4676828,140817986
3C32MX,-1,EA,2ZJ4681747,140826850
687NMX,-1,EA,2ZJ4681737,140826830
682NMX,-1,EA,2ZJ4681737,140826830
602797,-1,EA,2ZJ4681737,140826830
602762,-1,EA,2ZJ4681737,140826830
2374MX,-1,EA,2T42357600,140826821
4002MX,-1,EA,2T42357600,140826821
1065MX,-1,EA,2T42357600,140826821
2864MX,-1,EA,2T42357600,140826821
1019MX,-1,EA,2T42357600,140826821
1638MX,-1,EA,2T42328187,140778591
1610MX,-1,EA,2T42328187,140778591
2631MX,-1,EA,2T42328187,140778591
0963MX,-1,EA,2T42328187,140778591
4004MX,-1,EA,2T42328187,140778591
4000MX,-2,EA,2T42328187,140778591
3119MX,-1,EA,2T42328187,140778591
2641MX,-2,EA,2T42328187,140778591
1065MX,-1,EA,2T42328187,140778591
1019MX,-1,EA,2T42328187,140778591
4000MX,-1,EA,2ZJ4681424,140826229
1019MX,-2,EA,2ZJ4681424,140826229
044KMX,-1,EA,2ZJ4679824,140823357
1610MX,-1,EA,2ZJ4679824,140823357
1829MX,-1,EA,2ZJ4679824,140823357
2374MX,-1,EA,2ZJ4679824,140823357
2631MX,-1,EA,2ZJ4679824,140823357
4007MX,-1,EA,2ZJ4679824,140823357
1065MX,-1,EA,2ZJ4679824,140823357
0413MX,-2,EA,2ZJ4662809,140780838
4002MX,-1,EA,2ZJ4682071,140827417
3119MX,-1,EA,2ZJ4682071,140827417
1019MX,-1,EA,2ZJ4682071,140827417
177MMX,-1,EA,2ZJ4681407,140826315
203MMX,-1,EA,2ZJ4681407,140826315
3121MX,-1,EA,2ZJ4681407,140826315
1829MX,-1,EA,2ZJ4681407,140826315
1926MX,-1,EA,2ZJ4681407,140826315
0831MX,-1,EA,2ZJ4681407,140826315
4002MX,-1,EA,2ZJ4681407,140826315
1065MX,-1,EA,2ZJ4681407,140826315
2864MX,-1,EA,2ZJ4681407,140826315
0065MX,-1,EA,2ZJ4681407,140826315
1638MX,-1,EA,2ZJ4676947,140818236
044KMX,-1,EA,2ZJ4676947,140818236
2648MX,-1,EA,2ZJ4676947,140818236
1926MX,-1,EA,2ZJ4676947,140818236
2631MX,-1,EA,2ZJ4676947,140818236
0963MX,-1,EA,2ZJ4676947,140818236
0773MX,-1,EA,2ZJ4676947,140818236
0772MX,-1,EA,2ZJ4676947,140818236
4007MX,-1,EA,2ZJ4676947,140818236
4000MX,-1,EA,2ZJ4676947,140818236
4001MX,-1,EA,2ZJ4676947,140818236
3119MX,-1,EA,2ZJ4676947,140818236
049KMX,-1,EA,2T42357903,140827543
0884MX,-1,EA,2T42357903,140827543
4004MX,-1,EA,2T42357903,140827543
3525MX,-1,EA,2T42357903,140827543
214MMX,-3,EA,2ZJ4682102,140827484
177MMX,-3,EA,2ZJ4682102,140827484
203MMX,-3,EA,2ZJ4682102,140827484
426MMX,-3,EA,2ZJ4682102,140827484
282MMX,-3,EA,2ZJ4682102,140827484
177MMX,-1,EA,2ZJ4679880,140823460
103KMX,-1,EA,2ZJ4679880,140823460
0884MX,-1,EA,2ZJ4679880,140823460
2631MX,-1,EA,2ZJ4679880,140823460
1019MX,-1,EA,2ZJ4681213,140825864
103KMX,-3,EA,2T42357967,140827713
101KMX,-8,EA,2T42357967,140827713
030KMX,-2,EA,2T42357967,140827713
0884MX,-3,EA,2T42357967,140827713
1610MX,-2,EA,2T42357967,140827713
1829MX,-11,EA,2T42357967,140827713
1926MX,-10,EA,2T42357967,140827713
2555MX,-1,EA,2T42357967,140827713
0963MX,-10,EA,2T42357967,140827713
4002MX,-3,EA,2T42357967,140827713
4007MX,-2,EA,2T42357967,140827713
4004MX,-1,EA,2T42357967,140827713
4000MX,-11,EA,2T42357967,140827713
3146MX,-1,EA,2T42357967,140827713
0064MX,-3,EA,2T42357967,140827713
0085MX,-10,EA,2T42357967,140827713
3150MX,-2,EA,2T42357967,140827713
1019MX,-24,EA,2T42357967,140827713
1155MX,-10,EA,2T42357967,140827713
3115MX,-10,EA,2T42357967,140827713
049KMX,-3,EA,2T42357546,140826776
0884MX,-3,EA,2T42357546,140826776
1829MX,-1,EA,2T42357546,140826776
2364MX,-1,EA,2T42357546,140826776
4004MX,-1,EA,2T42357546,140826776
4000MX,-2,EA,2T42357546,140826776
2641MX,-2,EA,2T42357546,140826776
0085MX,-1,EA,2T42357546,140826776
3176MX,-2,EA,2T42357546,140826776
3175MX,-2,EA,2T42357546,140826776
177MMX,-1,EA,2ZJ4677642,140819388
203MMX,-1,EA,2ZJ4677642,140819388
426MMX,-1,EA,2ZJ4677642,140819388
426MMX,-1,EA,2ZJ4681976,140827224
1638MX,-1,EA,2ZJ4681976,140827224
1829MX,-1,EA,2ZJ4681976,140827224
1926MX,-1,EA,2ZJ4681976,140827224
1061MX,-1,EA,2ZJ4681976,140827224
0964MX,-1,EA,2ZJ4681976,140827224
4000MX,-2,EA,2ZJ4681976,140827224
0085MX,-3,EA,2ZJ4681976,140827224
2864MX,-1,EA,2ZJ4681976,140827224
1019MX,-4,EA,2ZJ4681976,140827224
0413MX,-2,EA,2T42346561,140810905
437SMX,-1,EA,2T42357620,140826870
1638MX,-1,EA,2T42357620,140826870
773AMX,-1,EA,2T42357620,140826870
1926MX,-1,EA,2T42357620,140826870
0964MX,-1,EA,2T42357620,140826870
0364MX,-1,EA,2T42357620,140826870
684NMX,-1,EA,2ZJ4682100,140827474
682NMX,-1,EA,2ZJ4682100,140827474
602797,-1,EA,2ZJ4682100,140827474
602760,-1,EA,2ZJ4682100,140827474
3C61MX,-1,EA,2ZJ4681934,140827171
694NMX,-1,EA,2ZJ4681934,140827171
693NMX,-1,EA,2ZJ4681934,140827171
683NMX,-1,EA,2ZJ4681934,140827171
602797,-1,EA,2ZJ4681934,140827171
602772,-1,EA,2ZJ4681934,140827171
602775,-1,EA,2ZJ4681934,140827171
849PMX,-1,EA,2ZJ4681739,140826838
289KMX,-1,EA,2T42356764,140824853
3121MX,-1,EA,2T42356764,140824853
101KMX,-2,EA,2T42356764,140824853
049KMX,-1,EA,2T42356764,140824853
2648MX,-2,EA,2T42356764,140824853
1926MX,-2,EA,2T42356764,140824853
0831MX,-1,EA,2T42356764,140824853
2374MX,-1,EA,2T42356764,140824853
1061MX,-1,EA,2T42356764,140824853
3119MX,-1,EA,2T42356764,140824853
3146MX,-1,EA,2T42356764,140824853
2641MX,-1,EA,2T42356764,140824853
2864MX,-1,EA,2T42356764,140824853
0065MX,-2,EA,2T42356764,140824853
3C62MX,-1,EA,2ZJ4681897,140827156
0413MX,-3,EA,2ZJ4681164,140825802
0064MX,-2,EA,2ZJ4681164,140825802
0039MX,-1,EA,2ZJ4681164,140825802
0884MX,-1,EA,2ZJ4665130,140784755
2131MX,-2,EA,2ZJ4665130,140784755
298A,-10,EA,2ZJ4665130,140784755
1061MX,-1,EA,2ZJ4665130,140784755
2631MX,-2,EA,2ZJ4665130,140784755
0922MX,-1,EA,2ZJ4665130,140784755
4002MX,-1,EA,2ZJ4665130,140784755
4000MX,-1,EA,2ZJ4665130,140784755
9947MX,-1,EA,2ZJ4665130,140784755
0085MX,-1,EA,2ZJ4665130,140784755
0565MX,-2,EA,2ZJ4665130,140784755
1019MX,-1,EA,2ZJ4665130,140784755
0065MX,-1,EA,2ZJ4665130,140784755
3115MX,-1,EA,2ZJ4665130,140784755
214MMX,-1,EA,2T42357428,140826369
177MMX,-1,EA,2T42357428,140826369
1473MX,-1,EA,2ZJ4681000,140825499
2631MX,-1,EA,2ZJ4681000,140825499
3119MX,-1,EA,2ZJ4681000,140825499
0085MX,-1,EA,2ZJ4681000,140825499
1610MX,-2,EA,2T42354278,140819011
1926MX,-1,EA,2T42354278,140819011
1841MX,-1,EA,2T42354278,140819011
2631MX,-2,EA,2T42354278,140819011
0922MX,-1,EA,2T42354278,140819011
4000MX,-1,EA,2T42354278,140819011
1065MX,-1,EA,2T42354278,140819011
0085MX,-2,EA,2T42354278,140819011
2864MX,-1,EA,2T42354278,140819011
426MMX,-2,EA,2ZJ4680467,140824496
282MMX,-2,EA,2ZJ4680467,140824496
694NMX,-1,EA,2ZJ4681401,140826275
693NMX,-1,EA,2ZJ4681401,140826275
683NMX,-1,EA,2ZJ4681401,140826275
602797,-1,EA,2ZJ4681401,140826275
602772,-1,EA,2ZJ4681401,140826275
602775,-1,EA,2ZJ4681401,140826275
0831MX,-1,EA,2T42356546,140824347
426MMX,-1,EA,2T42354145,140818658
282MMX,-1,EA,2T42354145,140818658
9947MX,-20,EA,2T42354145,140818658
0922MX,-1,EA,2ZJ4678846,140821636
4002MX,-1,EA,2ZJ4678846,140821636
0085MX,-1,EA,2ZJ4678846,140821636
0565MX,-1,EA,2ZJ4678846,140821636
2864MX,-1,EA,2ZJ4678846,140821636
0065MX,-1,EA,2ZJ4678846,140821636
426MMX,-3,EA,2ZJ4680268,140824149
282MMX,-3,EA,2ZJ4680268,140824149
3121MX,-2,EA,2ZJ4680268,140824149
1610MX,-8,EA,2ZJ4680268,140824149
2131MX,-3,EA,2ZJ4680268,140824149
0831MX,-2,EA,2ZJ4680268,140824149
1473MX,-1,EA,2ZJ4680268,140824149
2631MX,-6,EA,2ZJ4680268,140824149
0366MX,-1,EA,2ZJ4680268,140824149
0364MX,-2,EA,2ZJ4680268,140824149
3119MX,-3,EA,2ZJ4680268,140824149
3525MX,-1,EA,2ZJ4680268,140824149
1065MX,-6,EA,2ZJ4680268,140824149
2864MX,-2,EA,2ZJ4680268,140824149
1019MX,-8,EA,2ZJ4680268,140824149
030KMX,-1,EA,2T42348325,140812669
0964MX,-1,EA,2T42348325,140812669
1065MX,-1,EA,2T42348325,140812669
0085MX,-1,EA,2T42348325,140812669
2864MX,-1,EA,2T42348325,140812669
3175MX,-1,EA,2T42348325,140812669
3C32MX,-1,EA,2ZJ4681478,140826374
426MMX,-1,EA,2T42353233,140817092
282MMX,-1,EA,2T42353233,140817092
030KMX,-1,EA,2ZJ4680910,140825294
2131MX,-1,EA,2ZJ4680910,140825294
0964MX,-1,EA,2ZJ4680910,140825294
4000MX,-1,EA,2ZJ4680910,140825294
1188MX,-1,EA,2ZJ4680910,140825294
426MMX,-1,EA,2ZJ4680466,140824504
282MMX,-1,EA,2ZJ4680466,140824504
0366MX,-1,EA,2ZJ4680466,140824504
0364MX,-1,EA,2ZJ4680466,140824504
0413MX,-2,EA,2ZJ4680466,140824504
3525MX,-2,EA,2ZJ4680466,140824504
289KMX,-1,EA,2T42353937,140818137
0884MX,-1,EA,2T42353937,140818137
1473MX,-1,EA,2T42353937,140818137
3119MX,-2,EA,2T42353937,140818137
0085MX,-1,EA,2T42353937,140818137
2864MX,-1,EA,2T42353937,140818137
1019MX,-1,EA,2T42353937,140818137
0065MX,-1,EA,2T42353937,140818137
3115MX,-1,EA,2T42353937,140818137
214MMX,-1,EA,2ZJ4681077,140825641
177MMX,-1,EA,2ZJ4681077,140825641
203MMX,-1,EA,2ZJ4681077,140825641
426MMX,-1,EA,2ZJ4681077,140825641
282MMX,-1,EA,2ZJ4681077,140825641
2631MX,-1,EA,2ZJ4681055,140825575
4001MX,-1,EA,2ZJ4681055,140825575
0366MX,-1,EA,2ZJ4681055,140825575
3146MX,-1,EA,2ZJ4681055,140825575
0064MX,-1,EA,2ZJ4681055,140825575
3525MX,-1,EA,2ZJ4681055,140825575
1065MX,-1,EA,2ZJ4681055,140825575
0085MX,-2,EA,2ZJ4681055,140825575
1019MX,-1,EA,2ZJ4681055,140825575
0065MX,-2,EA,2ZJ4681055,140825575
101KMX,-1,EA,2T42353944,140818160
044KMX,-1,EA,2T42353944,140818160
0366MX,-1,EA,2T42353944,140818160
0064MX,-1,EA,2T42353944,140818160
0079MX,-1,EA,2T42353944,140818160
1610MX,-1,EA,2T42354673,140820010
3119MX,-1,EA,2T42354673,140820010
3525MX,-1,EA,2T42354673,140820010
0085MX,-1,EA,2T42354673,140820010
2864MX,-1,EA,2T42354673,140820010
1019MX,-1,EA,2T42354673,140820010
3C61MX,-1,EA,2ZJ4681299,140826025
008SMX,-1,EA,2ZJ4681299,140826025
3C32MX,-1,EA,2ZJ4681086,140825644
3C32MX,-1,EA,2ZJ4681296,140826013
0964MX,-2,EA,M0J4681121,140825734
0085MX,-2,EA,M0J4681121,140825734
0065MX,-2,EA,M0J4681121,140825734
214MMX,-1,EA,2T42354187,140818785
177MMX,-1,EA,2T42354187,140818785
203MMX,-1,EA,2T42354187,140818785
426MMX,-1,EA,2T42354187,140818785
282MMX,-1,EA,2T42354187,140818785
1610MX,-1,EA,2T42354187,140818785
0899MX,-1,EA,2T42354187,140818785
4000MX,-1,EA,2T42354187,140818785
3123MX,-1,EA,2T42354187,140818785
0065MX,-1,EA,2T42354187,140818785
214MMX,-1,EA,2T42354387,140819272
177MMX,-1,EA,2T42354387,140819272
203MMX,-1,EA,2T42354387,140819272
426MMX,-1,EA,2T42354387,140819272
282MMX,-1,EA,2T42354387,140819272
214MMX,-1,EA,2T42357234,140825997
177MMX,-1,EA,2T42357234,140825997
203MMX,-1,EA,2T42357234,140825997
426MMX,-1,EA,2T42357234,140825997
282MMX,-1,EA,2T42357234,140825997
1120MX,-1,EA,2T42357234,140825997
0964MX,-1,EA,2ZJ4679912,140823517
4004MX,-1,EA,2ZJ4679912,140823517
4000MX,-1,EA,2ZJ4679912,140823517
4001MX,-1,EA,2ZJ4679912,140823517
0085MX,-1,EA,2ZJ4679912,140823517
1019MX,-1,EA,2ZJ4679912,140823517
1019MX,-4,EA,2T42357077,140825652
1061MX,-1,EA,2ZJ4677789,140819620
0413MX,-1,EA,2ZJ4677789,140819620
0085MX,-1,EA,2ZJ4677789,140819620
1019MX,-1,EA,2ZJ4677789,140819620
2648MX,-1,EA,2T42357447,140826448
2631MX,-1,EA,2T42357447,140826448
4000MX,-1,EA,2T42357447,140826448
3119MX,-1,EA,2T42357447,140826448
1638MX,-1,EA,2ZJ4679362,140822504
1610MX,-1,EA,2ZJ4679362,140822504
1473MX,-1,EA,2ZJ4679362,140822504
2631MX,-1,EA,2ZJ4679362,140822504
0964MX,-1,EA,2ZJ4679362,140822504
0364MX,-1,EA,2ZJ4679362,140822504
0085MX,-2,EA,2ZJ4679362,140822504
2631MX,-1,EA,2ZJ4679448,140822659
4000MX,-1,EA,2ZJ4679448,140822659
3119MX,-1,EA,2ZJ4679448,140822659
0085MX,-1,EA,2ZJ4679448,140822659
2631MX,-1,EA,2T42357142,140825763
0963MX,-1,EA,2T42357142,140825763
1094MX,-1,EA,2T42357142,140825763
0370MX,-1,EA,2T42357142,140825763
1155MX,-1,EA,2T42357142,140825763
0065MX,-1,EA,2T42357142,140825763
398SMX,-1,EA,2ZJ4677640,140819372
2131MX,-1,EA,2ZJ4677640,140819372
0963MX,-1,EA,2ZJ4677640,140819372
1610MX,-1,EA,2T42354564,140819737
0831MX,-1,EA,2T42354564,140819737
0963MX,-1,EA,2T42354564,140819737
4000MX,-1,EA,2T42354564,140819737
3119MX,-1,EA,2T42354564,140819737
0085MX,-1,EA,2T42354564,140819737
0065MX,-1,EA,2T42354564,140819737
3115MX,-1,EA,2T42354564,140819737
0964MX,-1,EA,2ZJ4680993,140825475
0085MX,-2,EA,2ZJ4680993,140825475
1638MX,-1,EA,2ZJ4680376,140824332
2648MX,-1,EA,2ZJ4680376,140824332
2131MX,-1,EA,2ZJ4680376,140824332
0831MX,-1,EA,2ZJ4680376,140824332
0922MX,-1,EA,2ZJ4680376,140824332
4000MX,-1,EA,2ZJ4680376,140824332
0085MX,-1,EA,2ZJ4680376,140824332
694NMX,-1,EA,2ZJ4681120,140825729
693NMX,-1,EA,2ZJ4681120,140825729
683NMX,-1,EA,2ZJ4681120,140825729
602797,-1,EA,2ZJ4681120,140825729
602772,-1,EA,2ZJ4681120,140825729
602775,-1,EA,2ZJ4681120,140825729
177MMX,-1,EA,2ZJ4680365,140824301
203MMX,-1,EA,2ZJ4680365,140824301
426MMX,-1,EA,2ZJ4680365,140824301
282MMX,-1,EA,2ZJ4680365,140824301
2631MX,-1,EA,2ZJ4681167,140825810
0085MX,-1,EA,2ZJ4681167,140825810
0267MX,-1,EA,2ZJ4679506,140822777
044KMX,-1,EA,2ZJ4679506,140822777
2648MX,-2,EA,2ZJ4679506,140822777
1061MX,-1,EA,2ZJ4679506,140822777
2631MX,-1,EA,2ZJ4679506,140822777
4004MX,-1,EA,2ZJ4679506,140822777
4000MX,-1,EA,2ZJ4679506,140822777
3525MX,-1,EA,2ZJ4679506,140822777
0085MX,-1,EA,2ZJ4679506,140822777
0032MX,-1,EA,2ZJ4679506,140822777
3119MX,-1,EA,2T42357386,140826290
0267MX,-1,EA,2T42356710,140824716
0085MX,-1,EA,2T42356710,140824716
2864MX,-1,EA,2T42356710,140824716
1019MX,-1,EA,2T42356710,140824716
214MMX,-1,EA,2ZJ4679916,140823514
177MMX,-1,EA,2ZJ4679916,140823514
426MMX,-1,EA,2ZJ4679916,140823514
282MMX,-1,EA,2ZJ4679916,140823514
3121MX,-1,EA,2ZJ4679916,140823514
1638MX,-1,EA,2ZJ4679916,140823514
1610MX,-1,EA,2ZJ4679916,140823514
0831MX,-1,EA,2ZJ4679916,140823514
2631MX,-2,EA,2ZJ4679916,140823514
0922MX,-1,EA,2ZJ4679916,140823514
1065MX,-3,EA,2ZJ4679916,140823514
0085MX,-1,EA,2ZJ4679916,140823514
1019MX,-1,EA,2ZJ4679916,140823514
214MMX,-1,EA,2T42354040,140818393
177MMX,-1,EA,2T42354040,140818393
203MMX,-1,EA,2T42354040,140818393
426MMX,-1,EA,2T42354040,140818393
282MMX,-1,EA,2T42354040,140818393
1019MX,-12,EA,2ZJ4679891,140823463
1412MX,-1,EA,2ZJ4676722,140817772
2644MX,-1,EA,2ZJ4676722,140817772
214MMX,-1,EA,2T42356962,140825362
177MMX,-1,EA,2T42356962,140825362
203MMX,-1,EA,2T42356962,140825362
426MMX,-1,EA,2T42356962,140825362
282MMX,-1,EA,2T42356962,140825362
1120MX,-1,EA,2T42356962,140825362
101KMX,-1,EA,2T42356962,140825362
2131MX,-4,EA,2T42356962,140825362
0831MX,-1,EA,2T42356962,140825362
1061MX,-1,EA,2T42356962,140825362
0940MX,-2,EA,2T42356962,140825362
4000MX,-2,EA,2T42356962,140825362
4001MX,-1,EA,2T42356962,140825362
3119MX,-1,EA,2T42356962,140825362
0064MX,-1,EA,2T42356962,140825362
0079MX,-1,EA,2T42356962,140825362
1094MX,-1,EA,2T42356962,140825362
0032MX,-1,EA,2T42356962,140825362
0077MX,-1,EA,2T42356962,140825362
1473MX,-1,EA,2T42356039,140823142
1412MX,-1,EA,2T42356039,140823142
0565MX,-1,EA,2T42356039,140823142
689NMX,-1,EA,2ZJ4680772,140825032
682NMX,-1,EA,2ZJ4680772,140825032
602797,-1,EA,2ZJ4680772,140825032
602766,-1,EA,2ZJ4680772,140825032
684NMX,-1,EA,2ZJ4680742,140824999
682NMX,-1,EA,2ZJ4680742,140824999
602797,-1,EA,2ZJ4680742,140824999
602760,-1,EA,2ZJ4680742,140824999
H253MX,-1,EA,2T42356557,140824406
1841MX,-1,EA,2T42356557,140824406
2631MX,-1,EA,2T42356557,140824406
1610MX,-1,EA,2ZJ4680061,140823746
2131MX,-1,EA,2ZJ4680061,140823746
2631MX,-1,EA,2ZJ4680061,140823746
214MMX,-1,EA,2T42356554,140824613
177MMX,-1,EA,2T42356554,140824613
203MMX,-1,EA,2T42356554,140824613
426MMX,-1,EA,2T42356554,140824613
282MMX,-1,EA,2T42356554,140824613
1638MX,-3,EA,2T42356554,140824613
030KMX,-2,EA,2T42356554,140824613
1610MX,-3,EA,2T42356554,140824613
1829MX,-1,EA,2T42356554,140824613
1412MX,-2,EA,2T42356554,140824613
2631MX,-12,EA,2T42356554,140824613
0922MX,-3,EA,2T42356554,140824613
4000MX,-3,EA,2T42356554,140824613
0366MX,-3,EA,2T42356554,140824613
2864MX,-2,EA,2T42356554,140824613
3176MX,-2,EA,2T42356554,140824613
0065MX,-3,EA,2T42356554,140824613
1155MX,-1,EA,2T42356999,140825431
426MMX,-1,EA,2T42356685,140824739
282MMX,-1,EA,2T42356685,140824739
3121MX,-2,EA,2T42357059,140825571
1638MX,-5,EA,2T42357059,140825571
1610MX,-2,EA,2T42357059,140825571
0831MX,-2,EA,2T42357059,140825571
2631MX,-5,EA,2T42357059,140825571
0940MX,-2,EA,2T42357059,140825571
0773MX,-3,EA,2T42357059,140825571
0765MX,-2,EA,2T42357059,140825571
3119MX,-1,EA,2T42357059,140825571
0413MX,-7,EA,2T42357059,140825571
1188MX,-1,EA,2T42357059,140825571
0085MX,-5,EA,2T42357059,140825571
0032MX,-4,EA,2T42357059,140825571
3176MX,-1,EA,2T42357059,140825571
3175MX,-1,EA,2T42357059,140825571
0413MX,-4,EA,2T42354433,140819412
1610MX,-1,EA,2T42353997,140818324
0963MX,-1,EA,2T42353997,140818324
426MMX,-1,EA,2ZJ4677550,140819201
282MMX,-1,EA,2ZJ4677550,140819201
687NMX,-1,EA,2T42342369,140806862
682NMX,-1,EA,2T42342369,140806862
2131MX,-1,EA,2T42342369,140806862
1926MX,-1,EA,2T42342369,140806862
602797,-1,EA,2T42342369,140806862
602762,-1,EA,2T42342369,140806862
4000MX,-1,EA,2T42342369,140806862
1065MX,-3,EA,2T42342369,140806862
0085MX,-1,EA,2T42342369,140806862
2864MX,-1,EA,2T42342369,140806862
030KMX,-1,EA,2T42356818,140825277
0884MX,-1,EA,2T42356818,140825277
1926MX,-1,EA,2T42356818,140825277
2631MX,-3,EA,2T42356818,140825277
0940MX,-1,EA,2T42356818,140825277
4002MX,-1,EA,2T42356818,140825277
4000MX,-2,EA,2T42356818,140825277
2641MX,-1,EA,2T42356818,140825277
1065MX,-1,EA,2T42356818,140825277
0085MX,-1,EA,2T42356818,140825277
1019MX,-3,EA,2T42356818,140825277
3175MX,-3,EA,2T42356818,140825277
0767MX,-1,EA,2T42356882,140825158
0773MX,-1,EA,2T42356882,140825158
0772MX,-1,EA,2T42356882,140825158
0766MX,-1,EA,2T42356882,140825158
694NMX,-1,EA,2ZJ4680924,140825364
693NMX,-1,EA,2ZJ4680924,140825364
683NMX,-1,EA,2ZJ4680924,140825364
602797,-1,EA,2ZJ4680924,140825364
602772,-1,EA,2ZJ4680924,140825364
602775,-1,EA,2ZJ4680924,140825364
3C32MX,-1,EA,2ZJ4681004,140825518
3C32MX,-1,EA,2ZJ4680657,140824860
1610MX,-6,EA,2ZJ4680287,140824212
1926MX,-2,EA,2ZJ4680287,140824212
2555MX,-2,EA,2ZJ4680287,140824212
0964MX,-2,EA,2ZJ4680287,140824212
4000MX,-3,EA,2ZJ4680287,140824212
0085MX,-5,EA,2ZJ4680287,140824212
1019MX,-6,EA,2ZJ4680287,140824212
0065MX,-2,EA,2ZJ4680287,140824212
0039MX,-1,EA,2ZJ4680287,140824212
0267MX,-1,EA,2ZJ4677468,140819037
1829MX,-1,EA,2ZJ4677468,140819037
2374MX,-1,EA,2ZJ4677468,140819037
1473MX,-1,EA,2ZJ4677468,140819037
2631MX,-2,EA,2ZJ4677468,140819037
0922MX,-1,EA,2ZJ4677468,140819037
4002MX,-1,EA,2ZJ4677468,140819037
0064MX,-2,EA,2ZJ4677468,140819037
1094MX,-1,EA,2ZJ4677468,140819037
0032MX,-1,EA,2ZJ4677468,140819037
0065MX,-1,EA,2ZJ4677468,140819037
1610MX,-2,EA,2T42356432,140824083
0413MX,-1,EA,2ZJ4680648,140824859
214MMX,-1,EA,2ZJ4680313,140824224
177MMX,-1,EA,2ZJ4680313,140824224
203MMX,-1,EA,2ZJ4680313,140824224
426MMX,-1,EA,2ZJ4680313,140824224
282MMX,-1,EA,2ZJ4680313,140824224
1638MX,-1,EA,2ZJ4680313,140824224
690095,-1,EA,2ZJ4680313,140824224
0884MX,-1,EA,2ZJ4680313,140824224
1610MX,-2,EA,2ZJ4680313,140824224
2648MX,-1,EA,2ZJ4680313,140824224
1926MX,-1,EA,2ZJ4680313,140824224
298A,-1,EA,2ZJ4680313,140824224
2631MX,-2,EA,2ZJ4680313,140824224
0922MX,-1,EA,2ZJ4680313,140824224
0963MX,-1,EA,2ZJ4680313,140824224
0940MX,-1,EA,2ZJ4680313,140824224
4011MX,-1,EA,2ZJ4680313,140824224
4002MX,-1,EA,2ZJ4680313,140824224
4004MX,-1,EA,2ZJ4680313,140824224
4000MX,-1,EA,2ZJ4680313,140824224
4001MX,-1,EA,2ZJ4680313,140824224
0366MX,-1,EA,2ZJ4680313,140824224
3119MX,-1,EA,2ZJ4680313,140824224
9947MX,-1,EA,2ZJ4680313,140824224
3525MX,-1,EA,2ZJ4680313,140824224
0085MX,-1,EA,2ZJ4680313,140824224
2864MX,-1,EA,2ZJ4680313,140824224
8504MX,-1,EA,2ZJ4680313,140824224
7056MX,-1,EA,2ZJ4680313,140824224
1019MX,-1,EA,2ZJ4680472,140824500
689NMX,-1,EA,2ZJ4680257,140824116
682NMX,-1,EA,2ZJ4680257,140824116
602797,-1,EA,2ZJ4680257,140824116
602766,-1,EA,2ZJ4680257,140824116
2364MX,-1,EA,2ZJ4679140,140822101
2374MX,-1,EA,2ZJ4679140,140822101
1061MX,-3,EA,2ZJ4679140,140822101
1841MX,-1,EA,2ZJ4679140,140822101
4000MX,-1,EA,2ZJ4679140,140822101
1019MX,-1,EA,2ZJ4679140,140822101
3175MX,-1,EA,2ZJ4679140,140822101
0065MX,-1,EA,2ZJ4679140,140822101
694NMX,-1,EA,2ZJ4677323,140818783
693NMX,-1,EA,2ZJ4677323,140818783
683NMX,-1,EA,2ZJ4677323,140818783
602797,-1,EA,2ZJ4677323,140818783
602772,-1,EA,2ZJ4677323,140818783
602775,-1,EA,2ZJ4677323,140818783
0774MX,-1,EA,2ZJ4677323,140818783
0899MX,-3,EA,2ZJ4677323,140818783
0772MX,-1,EA,2ZJ4677323,140818783
0765MX,-3,EA,2ZJ4677323,140818783
0413MX,-2,EA,2ZJ4677323,140818783
9947MX,-5,EA,2ZJ4677323,140818783
9947MX,-1,EA,2ZJ4677323,140818783
0077MX,-1,EA,2ZJ4677323,140818783
1926MX,-1,EA,2ZJ4679581,140822910
0364MX,-1,EA,2ZJ4679581,140822910
0085MX,-1,EA,2ZJ4679581,140822910
1019MX,-1,EA,2ZJ4679581,140822910
1120MX,-1,EA,2T42355438,140821865
1412MX,-1,EA,2T42355438,140821865
2631MX,-1,EA,2ZJ4679793,140823262
4007MX,-1,EA,2ZJ4679793,140823262
3119MX,-1,EA,2ZJ4679793,140823262
2864MX,-1,EA,2ZJ4679793,140823262
0032MX,-1,EA,2ZJ4679793,140823262
3175MX,-1,EA,2ZJ4679793,140823262
0065MX,-1,EA,2ZJ4679793,140823262
214MMX,-1,EA,2T42356342,140823862
177MMX,-1,EA,2T42356342,140823862
203MMX,-1,EA,2T42356342,140823862
282MMX,-1,EA,2T42356342,140823862
688NMX,-1,EA,2T42356342,140823862
682NMX,-1,EA,2T42356342,140823862
0831MX,-2,EA,2T42356342,140823862
602797,-1,EA,2T42356342,140823862
602764,-1,EA,2T42356342,140823862
4007MX,-1,EA,2T42356342,140823862
4000MX,-1,EA,2T42356342,140823862
3119MX,-1,EA,2T42356342,140823862
685NMX,-1,EA,2ZJ4680107,140823871
681NMX,-1,EA,2ZJ4680107,140823871
602797,-1,EA,2ZJ4680107,140823871
602768,-1,EA,2ZJ4680107,140823871
685NMX,-1,EA,2ZJ4680396,140824369
681NMX,-1,EA,2ZJ4680396,140824369
602797,-1,EA,2ZJ4680396,140824369
602768,-2,EA,2ZJ4680396,140824369
214MMX,-1,EA,2ZJ4680234,140824096
426MMX,-1,EA,2ZJ4680234,140824096
282MMX,-1,EA,2ZJ4680234,140824096
214MMX,-2,EA,2ZJ4677673,140819413
177MMX,-2,EA,2ZJ4677673,140819413
203MMX,-2,EA,2ZJ4677673,140819413
426MMX,-2,EA,2ZJ4677673,140819413
282MMX,-2,EA,2ZJ4677673,140819413
0413MX,-3,EA,2ZJ4677673,140819413
1610MX,-1,EA,2ZJ4666951,140790285
0085MX,-1,EA,2ZJ4666951,140790285
689NMX,-1,EA,2ZJ4680455,140824452
682NMX,-1,EA,2ZJ4680455,140824452
602797,-1,EA,2ZJ4680455,140824452
602766,-1,EA,2ZJ4680455,140824452
3C62MX,-1,EA,2ZJ4680164,140823973
3C61MX,-1,EA,2ZJ4679951,140823556
688NMX,-1,EA,2ZJ4679951,140823556
682NMX,-1,EA,2ZJ4679951,140823556
602797,-1,EA,2ZJ4679951,140823556
602764,-1,EA,2ZJ4679951,140823556
690095,-1,EA,2T42356516,140824390
298A,-1,EA,2T42356516,140824390
0963MX,-1,EA,2T42356516,140824390
9947MX,-1,EA,2T42356516,140824390
8504MX,-1,EA,2T42356516,140824390
7056MX,-1,EA,2T42356516,140824390
0831MX,-1,EA,2T42356548,140824416
1412MX,-1,EA,2T42356548,140824416
3175MX,-1,EA,2T42356548,140824416
214MMX,-1,EA,2T42355522,140821968
177MMX,-1,EA,2T42355522,140821968
4000MX,-1,EA,2T42355522,140821968
0085MX,-1,EA,2T42355522,140821968
3175MX,-1,EA,2T42355522,140821968
0884MX,-1,EA,2ZJ4669893,140794976
1926MX,-2,EA,2ZJ4669893,140794976
2631MX,-2,EA,2ZJ4669893,140794976
0963MX,-1,EA,2ZJ4669893,140794976
4002MX,-1,EA,2ZJ4669893,140794976
0413MX,-1,EA,2ZJ4669893,140794976
3123MX,-1,EA,2ZJ4669893,140794976
0565MX,-2,EA,2ZJ4669893,140794976
2864MX,-1,EA,2ZJ4669893,140794976
1019MX,-1,EA,2ZJ4669893,140794976
0065MX,-1,EA,2ZJ4669893,140794976
463LMX,-1,EA,2T42356157,140823428
0085MX,-1,EA,2T42356157,140823428
0884MX,-1,EA,2T42356271,140823776
4000MX,-2,EA,2T42356271,140823776
3119MX,-1,EA,2T42356271,140823776
2864MX,-1,EA,2T42356271,140823776
3175MX,-1,EA,2T42356271,140823776
4000MX,-1,EA,2ZJ4677005,140818277
3123MX,-1,EA,2ZJ4677005,140818277
030KMX,-1,EA,2T42356536,140824428
0831MX,-2,EA,2T42356536,140824428
1428MX,-1,EA,2T42356536,140824428
2631MX,-2,EA,2T42356536,140824428
0963MX,-1,EA,2T42356536,140824428
3175MX,-1,EA,2T42356536,140824428
214MMX,-1,EA,2ZJ4679466,140822740
177MMX,-1,EA,2ZJ4679466,140822740
203MMX,-1,EA,2ZJ4679466,140822740
1638MX,-1,EA,2ZJ4679466,140822740
1473MX,-1,EA,2ZJ4679466,140822740
0065MX,-1,EA,2ZJ4679466,140822740
214MMX,-1,EA,2ZJ4678983,140821807
177MMX,-1,EA,2ZJ4678983,140821807
203MMX,-1,EA,2ZJ4678983,140821807
426MMX,-1,EA,2ZJ4678983,140821807
282MMX,-1,EA,2ZJ4678983,140821807
773AMX,-3,EA,2ZJ4678983,140821807
1019MX,-4,EA,2ZJ4678855,140821526
1926MX,-1,EA,2ZJ4679529,140822906
2631MX,-2,EA,2ZJ4679529,140822906
0963MX,-1,EA,2ZJ4679529,140822906
2644MX,-1,EA,2ZJ4679529,140822906
4007MX,-1,EA,2ZJ4679529,140822906
4000MX,-1,EA,2ZJ4679529,140822906
3119MX,-1,EA,2ZJ4679529,140822906
177MMX,-1,EA,2T42356275,140823773
203MMX,-1,EA,2T42356275,140823773
286LMX,-1,EA,2T42356275,140823773
2131MX,-1,EA,2T42356275,140823773
1926MX,-2,EA,2T42356275,140823773
2631MX,-3,EA,2T42356275,140823773
0964MX,-2,EA,2T42356275,140823773
4002MX,-1,EA,2T42356275,140823773
4007MX,-1,EA,2T42356275,140823773
4004MX,-1,EA,2T42356275,140823773
4000MX,-3,EA,2T42356275,140823773
0364MX,-1,EA,2T42356275,140823773
0413MX,-2,EA,2T42356275,140823773
1065MX,-1,EA,2T42356275,140823773
0085MX,-1,EA,2T42356275,140823773
0370MX,-1,EA,2T42356275,140823773
1019MX,-1,EA,2T42356275,140823773
1155MX,-1,EA,2T42356275,140823773
0065MX,-1,EA,2T42356275,140823773
3C62MX,-1,EA,2ZJ4680029,140823724
2131MX,-2,EA,2ZJ4679808,140823332
0964MX,-1,EA,2ZJ4679808,140823332
4001MX,-2,EA,2ZJ4679808,140823332
0366MX,-1,EA,2ZJ4679808,140823332
0364MX,-1,EA,2ZJ4679808,140823332
2631MX,-1,EA,2ZJ4678757,140821367
3119MX,-1,EA,2ZJ4678757,140821367
689NMX,-1,EA,2ZJ4679840,140823380
682NMX,-1,EA,2ZJ4679840,140823380
602797,-1,EA,2ZJ4679840,140823380
602766,-1,EA,2ZJ4679840,140823380
0964MX,-1,EA,2ZJ4663611,140782143
4004MX,-1,EA,2ZJ4663611,140782143
0085MX,-3,EA,2ZJ4663611,140782143
1610MX,-1,EA,2T42356097,140823298
2131MX,-1,EA,2T42356097,140823298
0922MX,-1,EA,2T42356097,140823298
0964MX,-1,EA,2T42356097,140823298
0940MX,-2,EA,2T42356097,140823298
4002MX,-1,EA,2T42356097,140823298
1065MX,-2,EA,2T42356097,140823298
2864MX,-1,EA,2T42356097,140823298
2648MX,-1,EA,2ZJ4677288,140818744
2131MX,-1,EA,2ZJ4677288,140818744
4002MX,-1,EA,2ZJ4677288,140818744
0366MX,-1,EA,2ZJ4677288,140818744
3119MX,-1,EA,2ZJ4677288,140818744
2641MX,-1,EA,2ZJ4677288,140818744
2864MX,-1,EA,2ZJ4677288,140818744
1610MX,-1,EA,2T42353661,140817551
2131MX,-2,EA,2T42353661,140817551
1926MX,-1,EA,2T42353661,140817551
2631MX,-1,EA,2T42353661,140817551
214MMX,-1,EA,2T42353633,140817484
203MMX,-1,EA,2T42353633,140817484
214MMX,-1,EA,2ZJ4677546,140819203
203MMX,-1,EA,2ZJ4679355,140822492
214MMX,-1,EA,2ZJ4679355,140822492
214MMX,-1,EA,2ZJ4680292,140824165
203MMX,-1,EA,2ZJ4680292,140824165
203MMX,-3,EA,2T42357705,140827061
214MMX,-3,EA,2T42357705,140827061
203MMX,-1,EA,2ZJ4681961,140827252
214MMX,-1,EA,2ZJ4681961,140827252
203MMX,-1,EA,2ZJ4682132,140827506
214MMX,-1,EA,2ZJ4682132,140827506
203MMX,-1,EA,2T42357998,140827758
203MMX,-1,EA,2ZJ4682370,140827960
214MMX,-1,EA,2ZJ4682370,140827960
214MMX,-1,EA,2T42358245,140828317
203MMX,-1,EA,2T42358245,140828317
214MMX,-1,EA,2T42358274,140828453
203MMX,-1,EA,2T42358274,140828453
203MMX,-5,EA,2T42358307,140828481
214MMX,-5,EA,2T42358307,140828481
203MMX,-5,EA,2T42358395,140828761
214MMX,-5,EA,2T42358395,140828761
214MMX,-1,EA,2ZJ4682925,140828972
203MMX,-1,EA,2ZJ4682925,140828972
214MMX,-1,EA,2ZJ4683050,140829171
203MMX,-1,EA,2ZJ4683050,140829171
