2ZJ7061760,3287202225
2T44654884,5616717514
2T44655014,5616717573
2T44658398,5616717665
2T44659559,5616717680
2T44666696,5616717772
2T44667339,5616717816
2T44669664,5616717912
2T44671086,5616718041
2T44672847,5616718074
2T44673545,5616718122
2T44675632,5616718170
2T44676301,5616718251
2T44676669,5616718284
2T44677977,5616718343
2T44679969,5616718380
2T44680071,5616718446
2T44680074,5616718564
2T44680574,5616718634
2T44680651,5616718682
2T44681696,5616718855
2T44682118,5616718951
2T44682687,5616719043
2T44683292,5616719102
2T44683374,5616719172
2T44685305,5616719286
2T44686912,5616719500
2T44688010,5616719544
2T44688444,5616719625
2T44690018,5616719684
2T44690613,5616719765
2T44690693,5616719835
2T44690775,5616719942
2T44690932,5616720001
2T44691212,5616720056
2T44691442,5616720104
2T44691569,5616720196
2T44691769,5616720255
2T44692365,5616720303
2T44694476,5616720561
2T44694942,5616720664
2T44694984,5616720745
2T44695748,5616720804
2T44696070,5616720933
2T44696264,5616721040
2T44696966,5616721202
2T44697241,5616721305
2T44697438,5616721364
2T44697496,5616721390
2T44697614,5616721412
2T44697842,5616721482
2T44698022,5616721541
2T44698303,5616721633
2T44698347,5616721670
2T44698441,5616721714
2T44698615,5616721751
2T44698629,5616721795
2T44698804,5616721821
2T44698840,5616721832
2T44698845,5616721876
2T44698911,5616721913
2T44699019,5616721935
2T44699088,5616721961
2T44699092,5616722005
2T44699424,5616722090
2T44699502,5616722171
2T44699521,5616722193
2T44699568,5616722226
2T44699576,5616722241
2T44699766,5616722300
2T44699811,5616722355
2T44700196,5616722510
2T44700266,5616722543
2T44700297,5616722602
2T44700501,5616722753
2T44700528,5616722856
2T44700603,5616722882
2T44700672,5616722952
2T44700837,5616722996
2T44700878,5616723033
2T44700929,5616723081
2T44701011,5616723136
2T44701026,5616723195
2T44701048,5616723206
2T44701217,5616723232
2T44701291,5616723346
2T44701293,5616723383
2T44701322,5616723416
2T44701339,5616723453
2T44701681,5616723766
2T44701722,5616723862
2T44701870,5616723910
2T44701945,5616724002
2T44702034,5616724142
2T44702103,5616724175
2T44702388,5616724330
2T44702517,5616724411
2T44702557,5616724422
2T44702694,5616724466
2T44702972,5616724562
2T44703087,5616724654
2T44703090,5616724676
2T44703171,5616724783
2T44703346,5616724864
2T44703409,5616724912
2T44703489,5616724945
2T44703511,5616725041
2T44703541,5616725074
2T44703562,5616725111
2T44703582,5616725133
2T44703612,5616725181
2T44703800,5616725251
2T44703834,5616725306
2T44703843,5616725354
2T44703937,5616725450
2T44703984,5616725531
2T44704005,5616725623
2T44704086,5616725726
2T44704109,5616725763
2T44704141,5616725822
2T44704143,5616725870
2T44704154,5616725936
2T44704194,5616725951
2T44704245,5616726076
2T44704250,5616726146
2T44704259,5616726172
2T44704340,5616726231
2T44704432,5616726393
2T44704438,5616726441
2T44704495,5616726555
2ZJ7028783,5616726592
2ZJ7035460,5616726695
2ZJ7037987,5616726710
2ZJ7040742,5616726765
2ZJ7042534,5616726802
2ZJ7044048,5616726920
2ZJ7045504,5616726964
2ZJ7046778,5616727034
2ZJ7049592,5616727071
2ZJ7050098,5616727126
2ZJ7050544,5616727163
2ZJ7051411,5616727196
2ZJ7052383,5616727325
2ZJ7052989,5616727373
2ZJ7053229,5616727465
2ZJ7053255,5616727491
2ZJ7053877,5616727546
2ZJ7054140,5616727572
2ZJ7054527,5616727594
2ZJ7055684,5616727675
2ZJ7056305,5616727723
2ZJ7056321,5616727760
2ZJ7057286,5616727841
2ZJ7058406,5616728040
2ZJ7058426,5616728084
2ZJ7058513,5616728110
2ZJ7058678,5616728202
2ZJ7059879,5616728331
2ZJ7060001,5616728375
2ZJ7060353,5616728445
2ZJ7060763,5616728596
2ZJ7060925,5616728600
2ZJ7061219,5616728681
2ZJ7061404,5616728736
2ZJ7061609,5616728832
2ZJ7061702,5616728913
2ZJ7062030,5616728994
2ZJ7062221,5616729156
2ZJ7062300,5616729204
2ZJ7062396,5616729311
2ZJ7062495,5616729366
2ZJ7062565,5616729392
2ZJ7063145,5616729425
2ZJ7063417,5616729532
2ZJ7063589,5616729716
2ZJ7064114,5616729812
2ZJ7064706,5616729893
2ZJ7064941,5616730033
2ZJ7064962,5616730066
2ZJ7065144,5616730092
2ZJ7065356,5616730114
2ZJ7065457,5616730173
2ZJ7065560,5616730265
2ZJ7065563,5616730302
2ZJ7065580,5616730335
2ZJ7065595,5616730405
2ZJ7065678,5616730420
2ZJ7065813,5616730545
2ZJ7065852,5616730604
2ZJ7065937,5616730733
2ZJ7065962,5616730744
2ZJ7066045,5616730781
2ZJ7066246,5616730840
2ZJ7066319,5616730873
2ZJ7066457,5616730943
2ZJ7066501,5616731002
2ZJ7066538,5616731046
2ZJ7066575,5616731083
2ZJ7066577,5616731131
2ZJ7066646,5616731223
2ZJ7066673,5616731256
2ZJ7066747,5616731271
2ZJ7067046,5616731363
2ZJ7067057,5616731385
2ZJ7067070,5616731422
2ZJ7067367,5616731525
2ZJ7067558,5616731680
2ZJ7067746,5616731735
2ZJ7067801,5616731820
2ZJ7067903,5616731864
2ZJ7067918,5616731890
2ZJ7068072,5616731956
2ZJ7068155,5616731960
2ZJ7068161,5616732004
2ZJ7068489,5616732122
2ZJ7068637,5616732203
2ZJ7068948,5616732225
2ZJ7069005,5616732306
2ZJ7069252,5616732354
2ZJ7069290,5616732391
2ZJ7069903,5616732656
2ZJ7070044,5616732730
2ZJ7070393,5616732833
2ZJ7070440,5616732892
2ZJ7070454,5616732951
2ZJ7070554,5616733010
2ZJ7070570,5616733080
2ZJ7070613,5616733146
2ZJ7070636,5616733216
2ZJ7070700,5616733290
2ZJ7070731,5616733356
2ZJ7070829,5616733496
2ZJ7071036,5616733603
2ZJ7071068,5616733662
2ZJ7071115,5616733710
2ZJ7071182,5616733791
2ZJ7071290,5616733920
2ZJ7071309,5616733964
2ZJ7071475,5616734012
2ZJ7071490,5616734060
2ZJ7071579,5616734104
2ZJ7071592,5616734163
2ZJ7071793,5616734314
2ZJ7071929,5616734373
2ZJ7072095,5616734454
2ZJ7072238,5616734480
2ZJ7072273,5616734550
2ZJ7072281,5616734605
2ZJ7072357,5616734631
2ZJ7072394,5616734675
2ZJ7072482,5616734701
2ZJ7072504,5616734756
2ZJ7072554,5616734826
2ZJ7072625,5616734885
2ZJ7072711,5616734922
2ZJ7072753,5616734966
2ZJ7072777,5616735014
2ZJ7072910,5616735084
2ZJ7072911,5616735121
2ZJ7072990,5616735261
2ZJ7073133,5616735320
2ZJ7073194,5616735375
2ZJ7073199,5616735445
2ZJ7073210,5616735460
2ZJ7073317,5616735585
2ZJ7073345,5616735666
2ZJ7073426,5616735736
2ZJ7073466,5616735821
2ZJ7073527,5616736016
2ZJ7073559,5616736101
2ZJ7073568,5616736182
2ZJ7073609,5616736263
2ZJ7073618,5616736311
2ZJ7073656,5616736425
2ZJ7073759,5616736580
2ZJ7073834,5616736716
2ZJ7073997,5616736753
2ZJ7074054,5616736823
2ZJ7074092,5616736893
2ZJ7074118,5616736952
2ZJ7074230,5616737011
2ZJ7074290,5616737092
2ZJ7074354,5616737125
2ZJ7074664,5616737346
2ZJ7074776,5616737383
2ZJ7074782,5616737453
2ZJ7074902,5616737626
2ZJ7075171,5616737696
2ZJ7075272,5616737722
2ZJ7075287,5616737744
2ZJ7075821,5616737932
2ZJ7075822,5616737954
2ZJ7075894,5616738046
2ZJ7076201,5616738186
2ZJ7076374,5616738223
2ZJ7076508,5616738260
50H5443684,5616738411
2WJ7072176,5616738470
2ZJ7067656,5616738584
2ZJ7067754,5616738654
2ZJ7072893,5616738794
2ZJ7073296,5616738816
2ZJ7074732,5616738831
2ZJ7075162,5616738945
2ZJ7076417,5616738982
2ZJ7076573,5616739026
50H5443442,5616739133
M9J7074476,5616739144
2T44703869,9247109476
2ZJ7029120,9247112604
2ZJ7038862,9247113142
2ZJ7053213,9247114855
2ZJ7060346,9247117655
2ZJ7061802,9247119125
2T44646520,9490285453
2T44648418,9490286050
2T44655922,9490286186
2T44657465,9490286223
2T44660479,9490286293
2T44665181,9490286315
2T44667403,9490286433
2T44670503,9490286481
2T44675701,9490286621
2T44681600,9490286853
2T44685167,9490286971
2T44685747,9490287030
2T44686284,9490287063
2T44686910,9490287096
2T44688219,9490287166
2T44690359,9490287240
2T44690744,9490287380
2T44691042,9490287446
2T44691305,9490287472
2T44691567,9490287520
2T44691627,9490287645
2T44692530,9490287763
2T44692548,9490287785
2T44693021,9490287811
2T44693771,9490287866
2T44693862,9490287903
2T44693883,9490287936
2T44694614,9490288032
2T44694935,9490288135
2T44695376,9490288220
2T44695808,9490288312
2T44696131,9490288426
2T44696428,9490288511
2T44696477,9490288544
2T44696483,9490288592
2T44696523,9490288640
2T44696592,9490288673
2T44696693,9490288710
2T44696772,9490288732
2T44697082,9490288813
2T44697837,9490288942
2T44697901,9490289034
2T44698094,9490289056
2T44699334,9490289325
2T44699408,9490289384
2T44699470,9490289480
2T44699625,9490289583
2T44699911,9490289620
2T44699942,9490289686
2T44700163,9490289734
2T44700278,9490289826
2T44700397,9490289896
2T44700479,9490289911
2T44700490,9490289944
2T44700512,9490289992
2T44700655,9490290073
2T44700996,9490290305
2T44701125,9490290493
2T44701161,9490290504
2T44701231,9490290622
2T44701362,9490290736
2T44701387,9490290773
2T44701418,9490290821
2T44701431,9490290854
2T44701523,9490290876
2T44701561,9490290935
2T44701596,9490290972
2T44701647,9490291031
2T44701686,9490291112
2T44701708,9490291182
2T44701910,9490291274
2T44701984,9490291370
2T44702026,9490291425
2T44702161,9490291532
2T44702283,9490291565
2T44702363,9490291580
2T44702843,9490291790
2T44703116,9490291926
2T44703148,9490291930
2T44703242,9490291963
2T44703504,9490292070
2T44703689,9490292280
2T44703695,9490292313
2T44703735,9490292350
2T44703955,9490292512
2T44704004,9490292556
2T44704074,9490292615
2T44704144,9490292781
2T44704211,9490292910
2T44704222,9490292943
2T44704354,9490293083
2T44704412,9490293131
2T44704493,9490293186
2T44704585,9490293212
2ZJ7034943,9490293330
2ZJ7037692,9490293400
2ZJ7043327,9490293503
2ZJ7043398,9490293514
2ZJ7045595,9490293551
2ZJ7051476,9490293680
2ZJ7052042,9490293713
2ZJ7052160,9490293746
2ZJ7052688,9490293772
2ZJ7055295,9490293901
2ZJ7056218,9490293934
2ZJ7056860,9490294041
2ZJ7058025,9490294096
2ZJ7058220,9490294100
2ZJ7058332,9490294133
2ZJ7058403,9490294170
2ZJ7058556,9490294321
2ZJ7058676,9490294365
2ZJ7059580,9490294413
2ZJ7060358,9490294505
2ZJ7060734,9490294542
2ZJ7061078,9490294656
2ZJ7061519,9490294800
2ZJ7061563,9490294855
2ZJ7061638,9490294936
2ZJ7062073,9490295010
2ZJ7062136,9490295043
2ZJ7062220,9490295076
2ZJ7062377,9490295146
2ZJ7063285,9490295220
2ZJ7063586,9490295356
2ZJ7063879,9490295430
2ZJ7064642,9490295544
2ZJ7064779,9490295603
2ZJ7064863,9490295640
2ZJ7064883,9490295673
2ZJ7065499,9490295850
2ZJ7065774,9490296056
2ZJ7065865,9490296141
2ZJ7065906,9490296185
2ZJ7066052,9490296292
2ZJ7066460,9490296340
2ZJ7066592,9490296432
2ZJ7066950,9490296583
2ZJ7067014,9490296620
2ZJ7067044,9490296664
2ZJ7067168,9490296756
2ZJ7067444,9490296804
2ZJ7067516,9490296841
2ZJ7067760,9490296944
2ZJ7068333,9490297143
2ZJ7068482,9490297202
2ZJ7069114,9490297375
2ZJ7069305,9490297471
2ZJ7069601,9490297530
2ZJ7069621,9490297574
2ZJ7069706,9490297622
2ZJ7070018,9490297725
2ZJ7070119,9490297751
2ZJ7070345,9490297773
2ZJ7070621,9490298086
2ZJ7070678,9490298182
2ZJ7070827,9490298285
2ZJ7070941,9490298366
2ZJ7071162,9490298510
2ZJ7071204,9490298565
2ZJ7071271,9490298602
2ZJ7071373,9490298753
2ZJ7071768,9490298882
2ZJ7072079,9490298974
2ZJ7072902,9490299442
2ZJ7072929,9490299523
2ZJ7072973,9490299556
2ZJ7073278,9490299744
2ZJ7073511,9490300002
2ZJ7073522,9490300035
2ZJ7073678,9490300260
2ZJ7073694,9490300293
2ZJ7073781,9490300352
2ZJ7074093,9490300525
2ZJ7074172,9490300606
2ZJ7074373,9490300761
2ZJ7074414,9490300842
2ZJ7074471,9490300864
2ZJ7074515,9490300934
2ZJ7074642,9490300971
2ZJ7074812,9490301122
2ZJ7074860,9490301192
2ZJ7074943,9490301225
2ZJ7075148,9490301240
2ZJ7075170,9490301273
2ZJ7075320,9490301354
2ZJ7075393,9490301376
2ZJ7075466,9490301435
2ZJ7075495,9490301472
2ZJ7075649,9490301505
2ZJ7075739,9490301542
2ZJ7075855,9490301704
2ZJ7075909,9490301752
2ZJ7075946,9490301785
2ZJ7076101,9490301855
2ZJ7076533,9490301984
2ZJ7076540,9490302021
50H5443349,9490302102
50H5443434,9490302135
2ZJ7038604,9490302220
2ZJ7060105,9490302253
2ZJ7060288,9490302290
2ZJ7071950,9490302430
2ZJ7072206,9490302463
2ZJ7072290,9490302485
2ZJ7074997,9490302636
2ZJ7075113,9490302684
2ZJ7076461,9490302780
2ZJ7076575,9490302835
2ZJ7076604,9490302872
2ZJ7076629,9490302920
2ZJ7076656,9490302964
TMJ7072229,9490303045
2ZJ7074770,2015049322552605037768
2T44703985,4015049322552605037767
2T44701323,6015049322552605037766
2T44697918,8015049322552605037765
