2T44686963,3545234276
2T44687331,3545234291
2T44690644,3545234335
2T44690815,3545234416
2T44690992,3545234490
2T44692857,3545234534
2T44693568,3545234604
2T44694279,3545234652
2T44694576,3545234722
2T44695418,3545234943
2T44695859,3545235050
2T44695878,3545235105
2T44696080,3545235131
2T44696306,3545235190
2T44696328,3545235245
2T44696329,3545235271
2T44696676,3545235352
2T44696939,3545235396
2T44697030,3545235411
2T44697060,3545235514
2T44697162,3545235606
2T44697435,3545235783
2T44697462,3545235831
2T44697467,3545235886
2T44697524,3545235912
2T44697563,3545235960
2T44697711,3545236063
2T44697767,3545236100
2T44697980,3545236122
2T44698009,3545236170
2T44698017,3545236181
2T44698049,3545236251
2T44698152,3545236321
2ZJ7040686,3545236365
2ZJ7053604,3545236483
2ZJ7057143,3545236542
2ZJ7057257,3545236590
2ZJ7062978,3545236741
2ZJ7063008,3545236763
2ZJ7065673,3545236892
2ZJ7066839,3545237006
2ZJ7067530,3545237150
2ZJ7067734,3545237242
2ZJ7068162,3545237566
2ZJ7068317,3545237581
2ZJ7068595,3545237614
2ZJ7068652,3545237673
2ZJ7068746,3545237721
2ZJ7068877,3545237765
2ZJ7069498,3545237846
2ZJ7069651,3545237953
2ZJ7069987,3545238034
2ZJ7070640,3545238233
2ZJ7070766,3545238266
2ZJ7071126,3545238303
2ZJ7071259,3545238340
50H5443237,3545238432
2ZJ7028630,3545238476
2ZJ7070696,3545238561
2T44652742,7111171745
2T44674423,7111172110
2T44682320,7111172176
2T44683281,7111172224
2T44690777,7111172316
2T44690820,7111172386
2T44690870,7111172390
2T44694601,7111172574
2T44694748,7111172596
2T44695108,7111172644
2T44695361,7111172666
2T44695427,7111172725
2T44695706,7111172795
2T44695975,7111172891
2T44695987,7111172946
2T44696146,7111173005
2T44696408,7111173134
2T44696519,7111173171
2T44696568,7111173204
2T44696769,7111173226
2T44697036,7111173311
2T44697043,7111173355
2T44697216,7111173510
2T44697258,7111173543
2T44697404,7111173602
2T44697620,7111173731
2T44697686,7111173753
2T44697730,7111173790
2T44697930,7111173823
2ZJ7027540,7111173952
2ZJ7048293,7111174055
2ZJ7050605,7111174081
2ZJ7054152,7111174114
2ZJ7056202,7111174151
2ZJ7058183,7111174243
2ZJ7061718,7111174280
2ZJ7061763,7111174324
2ZJ7062264,7111174361
2ZJ7064989,7111174486
2ZJ7065139,7111174545
2ZJ7065640,7111174582
2ZJ7065858,7111174663
2ZJ7066225,7111174696
2ZJ7066971,7111174755
2ZJ7067169,7111174851
2ZJ7067457,7111174873
2ZJ7067592,7111174921
2ZJ7067595,7111174954
2ZJ7067743,7111174991
2ZJ7067806,7111175035
2ZJ7067856,7111175083
2ZJ7067929,7111175142
2ZJ7067967,7111175201
2ZJ7068074,7111175223
2ZJ7068099,7111175271
2ZJ7068104,7111175352
2ZJ7068651,7111175536
2ZJ7068944,7111175691
2ZJ7069015,7111175713
2ZJ7069544,7111175794
2ZJ7069848,7111175886
2ZJ7069992,7111175934
2ZJ7070048,7111175982
2ZJ7070252,7111176030
2ZJ7071506,7111176155
50H5443192,7111176166
2ZJ7057064,7111176251
2ZJ7065267,7111176284
2ZJ7070928,7111176380
2ZJ7071019,7111176424
2ZJ7071381,7111176461
