2T22948676,6478277772
2T22965892,6478278973
2T22966794,6478278995
2T22973284,6478279021
2T22973644,6478279054
2T22974320,6478279113
2T22974425,6478279161
2T22974959,6478279216
2T22975230,6478279301
2T22976750,6478279334
2T22976869,6478279356
2T22977039,6478279404
2T22977074,6478279452
2ZD8294833,6478279485
2ZD8313944,6478279511
2ZD8354332,6478279625
2ZD8354364,6478279640
2ZD8362595,6478275016
2ZD8365022,6478279673
2ZD8367166,6478279732
2ZD8368493,6478279780
2ZD8369336,6478279850
2ZD8370529,6478279986
2ZD8371244,6478280034
2ZD8372316,6478280093
2ZD8372598,6478280200
2ZD8377321,6478280270
2ZD8377666,6478280760
2ZD8377999,6478281272
2ZD8379874,6478280793
2ZD8381547,6478280826
2ZD8382391,6478280896
2ZD8383042,6478280944
2ZD8383098,6478280992
2ZD8383417,6478281040
2ZD8383776,6478281121
2ZD8384590,6478281191
50H2974409,6478281224
2T22953208,1098544683
2T22966862,1098544646
2T22973266,1098544650
2T22974326,1098544672
2ZD8363910,1098544661
2ZD8377506,1098544635
2T22978073,6478410820
2T22978604,6478410842
2ZD8367355,6478410901
2ZD8383469,6478411063
2ZD8386057,6478410982
2ZD8386253,6478411085
2ZD8388285,6478411155
50H2974682,1098544705
2T22956429,3175945802
2T22960640,3175945625
2T22964126,3175945721
2T22966866,3175945345
2T22969845,3175942906
2T22970546,3175945430
2T22972402,3175945522
2T22973669,3175946642
2T22976582,3175942814
2T22977951,3175946222
2T22978382,3175946244
2T22978392,3175946373
2T22978778,3175942696
2T22981071,3175946815
2T22981903,3175946056
2T22984972,3175946782
2T22984998,3175945883
2T22985222,3175945986
2T22985391,3175945290
2T22985546,3175945183
2T22985876,3175941915
2T22985910,3175943083
2T22986329,3175942022
2T22987982,3175942254
2T22988024,3175942394
2T22989716,3175942545
2T22990317,3175943912
2T22990382,3175944041
2T22990422,3175944111
2T22991562,3175944214
2T22991688,3175944354
2T22992009,3175944516
2T22992639,3175944660
2T22993759,3175944730
2ZD8330383,3175944914
2ZD8350876,3175943772
2ZD8351524,2078491085
2ZD8353431,2078491365
2ZD8354178,2078491461
2ZD8355464,2078491531
2ZD8380798,2078491601
2ZD8384086,2078491682
2ZD8385809,2078491730
2ZD8385917,2078491800
2ZD8386311,2078492032
2ZD8386453,2078492043
2ZD8386782,2078492183
2ZD8386991,2078492194
2ZD8387737,2078492485
2ZD8387984,2078492511
2ZD8388254,2078492721
2ZD8388273,2078492894
2ZD8388531,2078492835
2ZD8388535,2078493060
2ZD8388714,2078493045
2ZD8389105,2078493255
2ZD8389508,2078493233
2ZD8389517,2078493406
2ZD8391598,2078493373
2ZD8392090,2078493535
2ZD8392296,3175939196
2ZD8393533,3175939255
2ZD8393754,3175939362
2ZD8393993,3175939476
2ZD8394451,3175939690
2ZD8394598,3175939760
2ZD8395351,3175939874
2ZD8395648,3175939992
2ZD8395929,3175943691
2ZD8396173,3175940283
2ZD8397390,3175940445
2ZD8397967,3175940611
2ZD8398283,3175940795
2ZD8398472,3175940880
2ZD8399005,3175940924
2ZD8399309,3175941042
2ZD8400001,3175941193
2ZD8400523,3175941322
2ZD8400621,3175941473
2ZD8400901,3175943551
2ZD8401280,3175941624
50H2975594,3175941801
2T22985978,1098544753
2T22988316,1098544742
2T22993846,3176014391
2T22994069,3176014052
2T22994113,1098544716
2ZD8381387,1098544720
2ZD8384514,1098544731
2T22986999,3176200484
2T22992621,1098544775
2T22993442,3176200473
2T22994081,3176200720
2T22994589,3176200856
2ZD8383208,3176200930
2ZD8392669,3176201055
2ZD8394735,3176201350
2ZD8395072,3176201195
2ZD8395472,3176201464
2ZD8396181,3176201523
2ZD8400462,1098544786
2ZD8402418,3176201733
2ZD8402689,3176201840
2T22966623,3176336461
2T22976545,3176337194
2T22985517,3176337312
2T22988182,3176337441
2T22995392,3176337415
2T22995872,3176337673
2ZD8333205,3176337706
2ZD8356611,3176337080
2ZD8378180,3176337920
2ZD8388202,3176337986
2ZD8402218,3176338174
2ZD8402280,3176338270
2ZD8402284,3176338384
2ZD8402675,3176338970
2ZD8402898,3176338826
2ZD8402975,3176339213
2ZD8403747,3176336822
2ZD8403911,3176336682
2ZD8404000,3176339191
2ZD8404616,3176339460
2T22985557,6888129021
2T22993713,6888128936
2T22994296,6888129124
2T22994732,6888129205
2T22995479,6888129371
2T22996069,6888129426
2T22996114,6888129710
2ZD8402242,6888129942
2ZD8402748,6888130056
2ZD8403123,6888130126
2ZD8403263,6888129570
2ZD8404352,6888127621
2ZD8404988,6888127724
2ZD8405251,6888127912
2ZD8405335,6888128133
2ZD8405640,6888128240
2ZD8405818,6888128343
2ZD8405850,6888128472
2ZD8405944,6888128542
2ZD8406019,1098544790
2ZD8406109,6888128763
2ZD8405076,6888184380
2ZD8405226,6888184402
2T22959285,6888580484
2T22993517,6888518932
2T22994768,6888519072
2T22995861,6888519271
2T22996145,6888519363
2T22996278,6888519433
2T22996284,1098545210
2T22996378,6888519621
2T22996532,6888580296
2T22997193,6888579666
2T22997438,6888519783
2ZD8351617,6888579423
2ZD8371034,6888519993
2ZD8401285,6888520052
2ZD8402166,6888520214
2ZD8402255,6888520310
2ZD8402514,6888520446
2ZD8403219,6888520590
2ZD8403287,6888520671
2ZD8403659,6888520785
2ZD8403744,6888520951
2ZD8404333,6888521113
2ZD8404819,6888521323
2ZD8404970,6888521544
2ZD8405131,6888521846
2ZD8405168,6888521964
2ZD8405377,6888522130
2ZD8405828,6888522325
2ZD8406085,6888522491
2ZD8406125,1098545221
2ZD8406152,6888522583
2ZD8406195,6888522782
2ZD8406297,6888522863
2ZD8406448,6888523036
2ZD8406545,6888523143
2ZD8406665,1098545276
2ZD8406767,6888523666
2ZD8406926,6888523983
2ZD8406954,6888524333
2ZD8407069,6888524473
2ZD8407119,6888524672
2ZD8407239,6888524845
2ZD8407265,6888524996
2ZD8407284,6888525081
2ZD8407383,6888525206
2ZD8407418,6888525571
2ZD8407589,6888525733
2ZD8408181,6888525836
2ZD8408365,6888525965
2ZD8408573,6888526175
2ZD8408727,6888526396
2ZD8409022,6888526525
2ZD8409490,6888579154
2ZD8409981,6888526875
50H2977657,6888527085
2T22985918,6888584780
2T22996108,6888585023
2T22996159,6888577931
2T22996303,6888585130
2T22996438,6888585406
2T22996511,6888585605
2T22996583,6888585782
2T22996684,6888585944
2T22996768,6888586246
2T22996770,6888586375
2T22996819,6888586600
2T22996831,6888586736
2T22996923,6888586843
2T22997110,6888587005
2T22997143,6888587086
2T22997271,6888578071
2T22997724,6888587252
2T22998127,6888578340
2T22998661,6888587403
2ZD8350446,6888587613
2ZD8378610,6888578491
2ZD8392844,6888587812
2ZD8397323,1098545291
2ZD8402125,6888587996
2ZD8402515,6888588195
2ZD8403341,6888588545
2ZD8403492,6888588696
2ZD8404510,6888588932
2ZD8405036,6888578896
2ZD8405380,6888589304
2ZD8405603,6888589116
2ZD8406590,6888589400
2ZD8406958,6888589551
2ZD8407232,6888589901
2ZD8407511,6888589702
2ZD8407648,6888589632
2ZD8407844,6888590041
2ZD8407909,6888590262
2ZD8408023,6888590391
2ZD8408114,6888584485
2ZD8408305,6888584345
2ZD8408592,6888584113
2ZD8408632,1098545280
2ZD8408658,6888583892
2ZD8408915,6888583741
2ZD8409014,6888577636
2ZD8409029,6888577415
2ZD8409069,6888583505
2ZD8409150,6888583133
2ZD8409579,6888582993
2ZD8409614,6888582794
2ZD8409823,6888582551
2ZD8410017,6888582374
2ZD8410415,6888582223
2ZD8410487,6888577065
2ZD8411503,6888581991
2ZD8411703,6888581825
2ZD8412281,6888581630
2ZD8412378,6888581405
2ZD8412387,6888581140
2ZD8412463,6888580941
50H2978116,6888580591
2T22995996,7220060665
2T22998035,7220085891
2T22998104,7220085736
2T22998489,7220060816
2T22998899,7220060982
2T22999014,7220061310
2T22999148,7220085471
2T22999202,7220061365
2T22999221,7220061520
2T22999294,7220061903
2T22999502,7220062231
2ZD8381805,7220062404
2ZD8400367,7220062474
2ZD8402340,7220094560
2ZD8405456,7220063826
2ZD8406159,7220064294
2ZD8406433,7220064456
2ZD8406889,7220064611
2ZD8407007,7220064736
2ZD8407791,7220064972
2ZD8409358,7220065215
2ZD8411116,7220065414
2ZD8411528,7220065506
2ZD8411767,7220065672
2ZD8411788,7220065812
2ZD8412076,7220065963
2ZD8412348,7220085305
2ZD8412442,7220085180
2ZD8412565,7220084922
2ZD8412806,7220084793
50H2978285,7220066464
50H2978338,7220066711
50H2978543,7220066825
2T22988834,7220140922
2T22995355,7220141084
2T22996170,7220141305
2T22999140,7220141401
2T22999647,7220141530
2T22999717,7220141644
2T22999817,7220141784
2ZD8403809,7220142020
2ZD8403908,7220142226
2ZD8405986,7220142366
2ZD8406856,7220142484
2ZD8410876,1098545313
2ZD8411961,7220142661
2ZD8412998,7220142812
2ZD8413524,7220142926
2ZD8413844,7220142985
2ZD8415424,7220143140
2ZD8417521,7220143265
50H2978756,7220143324
2ZD8411271,1098545324
2T22967634,8149992266
2T22971263,8149989794
2T22985671,8149989982
2T22991323,8149990166
2T22993355,8149990144
2T22995887,8149989956
2T22998519,8149990505
2T22998637,8150007876
2T22999079,8150007600
2T22999265,8149990730
2T22999840,8149990844
2T23000793,8150007515
2T23000800,8149990984
2T23000924,8149991334
2T23001308,1098545350
2T23001331,8149991452
2T23001493,8149991651
2T23001616,8149992082
2T23001845,8149992653
2T23002058,8149992546
2T23002132,8150007272
2T23002286,8149993526
2T23002448,8149992970
2T23002827,8149993950
2T23003104,8149993784
2T23003310,8149993176
2T23003367,8149989761
2T23003580,8149993386
2T23003725,8149993633
2T23004539,8149992362
2T23004609,8149994090
2ZD8354735,8150005231
2ZD8357074,8150005323
2ZD8359691,8150007095
2ZD8384583,8150005452
2ZD8387315,1098545346
2ZD8395523,8150005511
2ZD8395621,8150005640
2ZD8400792,8150005894
2ZD8402289,8150007014
2ZD8403711,8150009022
2ZD8404389,8150006933
2ZD8405436,8150009081
2ZD8405642,8150009420
2ZD8405747,8150009792
2ZD8406500,8150010002
2ZD8406980,8150010116
2ZD8407017,8150010304
2ZD8407708,8150010514
2ZD8408952,8150010680
2ZD8409575,8150010816
2ZD8409882,8150011785
2ZD8410676,8150011811
2ZD8411462,8150011995
2ZD8411585,8150012076
2ZD8412681,8150006826
2ZD8412684,8150012216
2ZD8412877,8150012463
2ZD8413178,8150009291
2ZD8413179,8150012474
2ZD8413778,8150012651
2ZD8415691,8150012765
2ZD8416326,8150012964
2ZD8416474,8150013115
2ZD8416607,8150013222
2ZD8416882,8150013384
2ZD8417189,8150013513
2ZD8417772,8150006760
2ZD8417787,8150013653
2ZD8418311,8150014762
2ZD8418881,8150014950
2ZD8419131,8150014854
2ZD8420381,8150015112
2ZD8420750,8150015042
2ZD8420818,8150015436
2ZD8420971,8150015252
2ZD8421198,8150015705
2ZD8421742,8150015591
2ZD8422009,8150015930
2ZD8422257,8150015845
2ZD8422518,8150016151
2ZD8422894,8150016070
2ZD8423532,8150016232
50H2979494,8150016486
50H2979529,8150016350
50H2980107,8150016744
50H2980219,8150016921
2T22967634,8149992266
2T22971263,8149989794
2T22985671,8149989982
2T22991323,8149990166
2T22993355,8149990144
2T22995887,8149989956
2T22998519,8149990505
2T22998637,8150007876
2T22999079,8150007600
2T22999265,8149990730
2T22999840,8149990844
2T23000793,8150007515
2T23000800,8149990984
2T23000924,8149991334
2T23001308,1098545350
2T23001331,8149991452
2T23001493,8149991651
2T23001616,8149992082
2T23001845,8149992653
2T23002058,8149992546
2T23002132,8150007272
2T23002286,8149993526
2T23002448,8149992970
2T23002827,8149993950
2T23003104,8149993784
2T23003310,8149993176
2T23003367,8149989761
2T23003580,8149993386
2T23003725,8149993633
2T23004539,8149992362
2T23004609,8149994090
2ZD8354735,8150005231
2ZD8357074,8150005323
2ZD8359691,8150007095
2ZD8384583,8150005452
2ZD8387315,1098545346
2ZD8395523,8150005511
2ZD8395621,8150005640
2ZD8400792,8150005894
2ZD8402289,8150007014
2ZD8403711,8150009022
2ZD8404389,8150006933
2ZD8405436,8150009081
2ZD8405642,8150009420
2ZD8405747,8150009792
2ZD8406500,8150010002
2ZD8406980,8150010116
2ZD8407017,8150010304
2ZD8407708,8150010514
2ZD8408952,8150010680
2ZD8409575,8150010816
2ZD8409882,8150011785
2ZD8410676,8150011811
2ZD8411462,8150011995
2ZD8411585,8150012076
2ZD8412681,8150006826
2ZD8412684,8150012216
2ZD8412877,8150012463
2ZD8413178,8150009291
2ZD8413179,8150012474
2ZD8413778,8150012651
2ZD8415691,8150012765
2ZD8416326,8150012964
2ZD8416474,8150013115
2ZD8416607,8150013222
2ZD8416882,8150013384
2ZD8417189,8150013513
2ZD8417772,8150006760
2ZD8417787,8150013653
2ZD8418311,8150014762
2ZD8418881,8150014950
2ZD8419131,8150014854
2ZD8420381,8150015112
2ZD8420750,8150015042
2ZD8420818,8150015436
2ZD8420971,8150015252
2ZD8421198,8150015705
2ZD8421742,8150015591
2ZD8422009,8150015930
2ZD8422257,8150015845
2ZD8422518,8150016151
2ZD8422894,8150016070
2ZD8423532,8150016232
50H2979494,8150016486
50H2979529,8150016350
50H2980107,8150016744
50H2980219,8150016921
2T22959656,7277026665
2T22993349,7277027251
2T22996034,7277027343
2T22999040,7277027505
2T23001640,7277027671
2T23004819,7277027785
2T23004837,7277027995
2T23005666,7277028183
2T23005736,7277028334
2T23005837,7277028522
2T23006419,7277028651
2T23006428,7277028813
2ZD8402277,7277028942
2ZD8410613,7277029583
2ZD8415710,7277029760
2ZD8417281,7277029911
2ZD8424778,7277030095
50H2980528,7277025593
2T22996621,7277171705
2T23003598,7277172195
2T23006283,7277172361
2T23006374,1098545405
2ZD8405863,7277172571
2ZD8409256,7277172906
2ZD8413792,7277173105
2ZD8421136,7277178904
2ZD8425692,7277173201
2ZD8425776,7277173363
2ZD8426045,7277173606
2ZD8426406,7277173820
2ZD8426548,7277173956
2T22996061,7277319910
2T23005627,7277320035
2T23006726,7277320131
2T23007051,7277363155
2T23007354,7277320326
2ZD8368832,7277320433
2ZD8389885,7277320654
2ZD8403558,7277321310
2ZD8422067,7277321461
2ZD8423961,7277321634
2ZD8425180,7277321811
2ZD8425454,7277322006
2ZD8425543,7277322113
2ZD8425619,7277322463
2ZD8425815,7277323546
2ZD8425856,7277323664
2ZD8425883,7277323944
2ZD8425994,7277324025
2ZD8426839,7277323325
2ZD8426924,7277321041
2ZD8427699,7277320820
2ZD8429119,7277363203
2T22999049,7277501055
2T22999389,7277511570
2T23000394,7277501210
2T23005385,7277501313
2T23007043,7277501486
2T23007300,7277501512
2T23007552,7277501722
2T23007679,7277511323
2T23007752,7277501755
2T23007999,7277501954
2T23008004,7277502002
2T23008338,7277502190
2T23008458,7277502212
2T23008556,7277502433
2ZD8400656,7277502492
2ZD8407377,7277502632
2ZD8408713,7277502702
2ZD8416650,7277511220
2ZD8424135,7277502912
2ZD8424178,7277502934
2ZD8425151,7277503133
2ZD8425225,7277503472
2ZD8425406,7277503284
2ZD8426550,7277511124
2ZD8426672,7277503520
2ZD8427748,7277503645
2ZD8428510,7277503682
2ZD8428663,7277503855
2ZD8428892,7277504124
2ZD8428933,7277504054
2ZD8429332,7277504334
2ZD8429334,7277510855
2ZD8429433,7277504430
2ZD8429582,7277504555
2ZD8429953,7277510656
2ZD8430181,7277504710
2ZD8430624,7277510531
2ZD8430731,7277510144
2ZD8430985,7277504905
2ZD8425881,7277511743
2ZD8428408,1098545626
2T23000026,6041247310
2T23004832,6041247273
2T23007351,6041247715
2T23008123,6041247984
2T23008454,6041251145
2T23008587,6041251322
2T23008625,6041251436
2T23009164,6041251565
2T23009505,6041251753
2T23009898,6041251941
2ZD8405395,6041252070
2ZD8408004,6041248124
2ZD8412250,6041250725
2ZD8412484,6041250876
2ZD8415294,6041250563
2ZD8415791,6041250950
2ZD8421306,6041250390
2ZD8422400,6041251064
2ZD8422565,6041250224
2ZD8423277,6041252195
2ZD8424977,6041252280
2ZD8425088,6041250106
2ZD8426561,6041249911
2ZD8427007,6041252560
2ZD8427561,6041252652
2ZD8427809,6041252781
2ZD8428267,6041252954
2ZD8429333,6041253105
2ZD8429467,6041253186
2ZD8429616,6041253433
2ZD8429980,6041249771
2ZD8430294,6041253396
2ZD8430367,6041253621
2ZD8430611,6041249233
2ZD8430673,6041253654
2ZD8430754,6041253794
2ZD8430892,6041253993
2ZD8430988,6041248942
2ZD8431020,6041254181
2ZD8431094,6041254310
2ZD8431426,6041254380
2ZD8431513,6041254634
2ZD8431552,6041254892
2ZD8431885,6041255006
2ZD8432196,6041255312
2ZD8432784,6041255371
2ZD8433264,6041255684
2ZD8434587,6041255824
50H2981584,6041255990
50H2981681,6041256071
50H2981917,6041256163
2T23009729,1098545652
2ZD8408664,1098545663
2ZD8412921,1098545674
2ZD8426040,1098545685
2ZD8427453,1098545641
2T23004787,6041359940
2T23008083,6041359936
2T23008492,6041360102
2T23009431,6041360220
2T23009452,6041360345
2T23010112,6041360463
2T23010131,6041360592
2ZD8424097,6041360776
2ZD8427233,6041360905
2ZD8427389,6041362110
2ZD8428660,6041361196
2ZD8430688,6041361303
2ZD8433790,6041361535
2ZD8434426,6041361653
2ZD8435939,6041362364
50H2982047,6041361830
50H2982144,6041362003
2T23007739,1098545630
2ZD8430624,1098545696
2ZD8422565,1098545700
2T23005571,8253426845
2T23005789,8253426812
2T23008516,8253426996
2ZD8411673,8253427136
2ZD8428883,8253427324
2ZD8429958,8253427766
2ZD8430049,8253427560
2ZD8433740,8253427932
2ZD8433927,8253428050
2ZD8436794,8253427873
2ZD8430067,8253445421
2ZD8437121,8253445535
2T22969249,5764825614
2T23002889,5764825496
2T23002969,5764825780
2T23004522,5764825684
2T23004566,5764825905
2T23007522,5764825990
2T23007798,5764826082
2T23007941,5764826303
2T23008863,5764826432
2T23008926,5764826664
2T23010091,5764826594
2T23010278,5764830120
2T23010439,5764826712
2T23010543,5764830315
2T23011121,5764830466
2T23011961,5764830584
2T23011963,5764830503
2T23012600,1098545733
2T23012941,5764830665
2T23013051,5764830794
2T23013075,5764825430
2T23013495,5764830923
2T23014102,5764824590
2T23014149,5764831004
2T23014372,5764831214
2T23014579,5764831402
2T23014708,5764831575
2T23015009,5764831774
2T23015061,5764832065
2T23015090,1098545770
2T23015356,5764832172
2T23015385,1098545766
2T23015395,5764832301
2T23015639,5764832441
2T23015942,5764824553
2ZD8367987,5764832570
2ZD8384865,5764832710
2ZD8395854,5764832975
2ZD8402157,5764833045
2ZD8402655,5764833174
2ZD8405454,5764833605
2ZD8405612,5764833756
2ZD8409895,5764833852
2ZD8413917,5764834014
2ZD8419571,5764834143
2ZD8423982,5764838122
2ZD8426529,5764837945
2ZD8427977,5764837875
2ZD8428270,5764837702
2ZD8428415,5764837606
2ZD8428429,5764824015
2ZD8428566,1098545744
2ZD8428731,5764837341
2ZD8428915,5764837385
2ZD8429066,1098545755
2ZD8429100,1098545722
2ZD8429252,5764824026
2ZD8430155,5764837271
2ZD8430354,5764837234
2ZD8433298,5764824155
2ZD8433570,5764837024
2ZD8433926,5764836873
2ZD8434376,5764836781
2ZD8434636,5764836696
2ZD8435236,5764824203
2ZD8436570,5764836560
2ZD8437628,5764836420
2ZD8437655,5764836243
2ZD8438277,5764835904
2ZD8438462,5764835801
2ZD8438507,5764835683
2ZD8438826,5764835565
2ZD8438898,5764835425
2ZD8439811,5764835366
2ZD8440148,5764835204
2ZD8440408,5764835090
2ZD8440504,5764834935
2ZD8440875,5764824424
2ZD8442010,5764834714
2ZD8442147,5764834832
2ZD8442706,5764834530
2ZD8443075,5764824306
2ZD8443860,5764834460
50H2983561,5764834375
2T23004184,5764956934
2T23006984,5764956875
2T23012685,5764956632
2T23015146,5764956761
2T23015535,5764956444
2T23016480,5764956260
2T23016788,5764956072
2ZD8405450,5764955346
2ZD8426487,1098545792
2ZD8431348,5764954381
2ZD8441454,5764955114
2ZD8444386,5764955545
2ZD8444718,5764955685
2ZD8444867,5764955884
2ZD8445854,5764954764
2T23010357,5765104030
2T23017278,5765104004
2T23017342,1098545825
2T23017357,1098545803
2ZD8413712,5765104181
2ZD8428075,5765104192
2ZD8431887,5765104365
2ZD8432163,5765104402
2ZD8434673,1098545814
2ZD8436513,5765104704
2ZD8438308,5765104925
2ZD8441912,5765105076
2ZD8442831,5765105194
2ZD8442880,1098545836
2ZD8444509,5765141476
2ZD8444614,5765105345
2ZD8445195,5765105570
2ZD8445312,5765105765
2ZD8446072,5765105850
2ZD8446288,5765106034
2ZD8446649,5765141281
2ZD8446729,5765106270
2ZD8447144,5765106373
2ZD8447222,5765106550
2T22993988,7365895224
2T23006744,7365895515
2T23009412,7365895596
2T23017416,7365895681
2T23017540,7365895773
2T23017718,7365895913
2T23018073,7365896086
2T23018268,7365896300
2ZD8404731,7365896495
2ZD8424213,7365911755
2ZD8430812,7365911523
2ZD8444752,7365896716
2ZD8445315,7365896860
2ZD8446378,7365897011
2ZD8446486,7365897103
2ZD8446628,7365911464
2ZD8446968,7365897210
2ZD8447262,7365897372
2ZD8447792,7365897733
2ZD8447879,7365897560
2ZD8447951,7365897921
2ZD8447973,7365898105
2ZD8448015,7365898271
2ZD8448043,7365898374
2ZD8448054,7365898481
2ZD8448140,7365898676
2ZD8448542,7365898956
2ZD8448640,7365899192
2ZD8448878,7365899376
2T23007376,7366158800
2T23011420,7366184910
2T23012354,7366184711
2T23017742,7366159264
2T23017777,7366159511
2T23018362,7366159592
2T23018649,7366159780
2T23018695,7366184674
2T23018710,7366184512
2T23018922,7366159743
2T23019079,7366159975
2T23019677,7366159990
2ZD8407878,7366160152
2ZD8413429,7366160141
2ZD8431803,7366160373
2ZD8433456,7366160340
2ZD8436557,7366184254
2ZD8436750,7366184195
2ZD8436862,7366160524
2ZD8440730,7366160502
2ZD8441151,7366160782
2ZD8445510,7366160804
2ZD8445740,7366161003
2ZD8446165,7366160992
2ZD8446594,7366161246
2ZD8446716,7366161235
2ZD8447321,7366161482
2ZD8447357,7366161412
2ZD8447947,7366161703
2ZD8448118,7366161692
2ZD8448848,7366161913
2ZD8448856,7366162226
2ZD8449159,7366183801
2ZD8449337,7366162322
2ZD8449470,7366162473
2ZD8450040,7366183672
2ZD8450265,7366162624
2ZD8450435,7366162753
2ZD8450533,7366162882
2ZD8450615,7366163302
2ZD8450681,7366163125
2ZD8451847,7366163442
2ZD8451990,7366163991
2ZD8452490,7366163943
50H2984587,7366163604
50H2984673,7366163711
50H2985025,7366163770
2T23016539,7366221015
2ZD8447819,1098545873
2ZD8449640,1098545862
2ZD8448189,1098545884
2T23019510,7366276584
2T23020272,7366276621
2T23020432,7366276805
2T23020464,7366276886
2T23020607,7366277026
2ZD8427930,7366277295
2ZD8430302,7366277181
2ZD8446345,7366277483
2ZD8447679,7366277424
2ZD8449155,7366277586
2ZD8449841,7366277693
2ZD8449917,7366277844
2ZD8450217,7366277951
2ZD8450521,7366278194
2ZD8451230,7366278323
2ZD8452294,7366278393
2ZD8454150,7366278102
2T23014658,7366295565
2T23020496,7366295672
2ZD8445806,7366295790
2ZD8452454,1098545980
2ZD8454188,7366295296
2T23007506,8995374146
2T23018743,8995374220
2T23019634,8995374463
2T23020292,8995374592
2T23020791,8995374721
2T23021002,8995374916
2T23021055,8995381430
2ZD8429268,8995374835
2ZD8432321,8995375060
2ZD8441948,8995375163
2ZD8443282,8995375233
2ZD8449049,8995375303
2ZD8449757,8995375524
2ZD8451357,8995375410
2ZD8452213,8995375572
2ZD8455089,8995375701
50H2985635,8995375756
50H2985803,8995375841
2T23005986,4125934164
2T23009926,4125937583
2T23014783,4125937653
2T23015541,4125937863
2T23016393,4125938456
2T23016705,4125939053
2T23016980,4125968906
2T23018416,4125939215
2T23019110,4125939370
2T23021896,4125939495
2T23021953,4125939565
2T23022140,4125939775
2T23022667,4125939904
2T23022788,4125940011
2T23022828,4125940092
2T23022984,4125940276
2T23023050,4125940383
2T23023096,4125940475
2T23023100,4125940534
2T23023366,4125940685
2T23023548,4125940766
2T23024666,4125940825
2T23025205,4125940976
2T23025230,4125967871
2T23025314,4125968825
2ZD8429018,4125941061
2ZD8432420,4125941190
2ZD8434751,4125968630
2ZD8445544,4125941293
2ZD8445573,4125941341
2ZD8445908,4125941595
2ZD8447846,4125941772
2ZD8448013,4125968534
