2T43319762,3788422083
2ZJ5424183,3286324882
2T43320635,3788421114
2T43320552,3788421173
2T43320550,3788421361
2T43320426,3788421416
2T43320396,3788421464
2T43320391,3788421486
2T43320383,3788421501
2T43320180,3788421663
2T43320092,3788421711
2T43320077,3788421733
2T43320000,3788421755
2T43319913,3788421836
2T43319893,3788421862
2T43319842,3788421943
2T43319782,3788422035
2ZJ5427916,3788435545
2ZJ5427897,3788435571
2ZJ5427863,3788435630
2ZJ5427830,3788436116
2ZJ5427817,3788436190
2ZJ5427739,3788436260
2ZJ5427602,3788436326
2ZJ5427577,3788436422
2ZJ5427561,3788436562
2ZJ5427468,3788436750
2ZJ5427462,3788437030
2ZJ5427319,3788437730
2ZJ5427239,3788437811
2ZJ5427101,3788437925
2ZJ5427093,3788437962
2ZJ5426940,3788439723
2ZJ5426869,3788439852
2ZJ5426746,3788439896
2ZJ5426709,3788439955
2ZJ5426638,3788440095
2ZJ5426467,3788440596
2ZJ5426391,3788440832
2ZJ5426317,3788441204
2ZJ5426232,3788441506
2ZJ5426166,3788441580
2ZJ5426129,3788441845
2ZJ5426113,3788441952
2ZJ5426043,3788441996
2ZJ5426011,3788442081
2ZJ5425987,3788442136
2ZJ5425983,3788442221
2ZJ5425947,3788442486
2ZJ5425909,3788442630
2ZJ5425881,3788442685
2ZJ5425856,3788442733
2ZJ5425476,3788443352
2ZJ5425413,3788443503
2ZJ5425398,3788443584
2ZJ5425307,3788443724
2ZJ5425211,3788444111
2ZJ5425055,3788444181
2ZJ5425001,3788444236
2ZJ5424849,3788444273
2ZJ5424832,3788445264
2ZJ5424716,3788445500
2ZJ5424626,3788445555
2ZJ5424542,3788445706
2ZJ5424485,3788445765
2ZJ5424292,3788446373
2ZJ5424287,3788446421
2ZJ5424229,3788446535
2ZJ5424210,3788446642
2ZJ5424171,3788446686
2ZJ5424115,3788446944
2ZJ5424070,3788447250
2ZJ5424018,3788447305
2ZJ5423979,3788447434
2ZJ5418733,4071054562
2ZJ5418690,4071054783
2ZJ5418687,4071054794
2ZJ5418594,4071054842
2ZJ5418585,4071054901
2ZJ5418436,4071055030
2ZJ5418411,4071055085
2ZJ5418365,4071055111
2ZJ5418348,4071055144
2ZJ5418268,4071055203
2ZJ5418120,4071055446
2ZJ5418116,4071055483
2ZJ5418020,4071055516
2ZJ5418002,4071055586
2ZJ5417986,4071055623
2ZJ5417911,4071055730
2ZJ5417826,4071055785
2ZJ5417670,4071055892
2ZJ5417669,4071055903
2ZJ5416653,4071056334
2ZJ5416374,4071056356
2ZJ5416338,4071056360
2ZJ5414289,4071056496
2ZJ5415608,4071056522
2ZJ5415407,4071056990
2ZJ5412819,4071057244
2ZJ5411565,4071057340
2XJ5439349,4071057373
2T43322669,4071057911
2T43322604,4071057970
2T43322595,4071058051
2T43322456,4071058493
2T43322452,4071058596
2T43322428,4071058670
2T43322422,4071058736
2T43322360,4071058773
2T43322347,4071058972
2T43322251,4071059230
2T43322141,4071059602
2T43321853,4071059672
2T43321835,4071059731
2T43321763,4071059823
2T43321761,4071059860
2T43321503,4071061492
2T43321501,4071061540
2T43321464,4071061584
2T43321294,4071061643
2T43321214,4071061761
2T43321189,4071061794
2T43320979,4071061875
2T43320949,4071061923
2T43320777,4071062030
2T43320705,4071062085
2T43320614,4071062166
2T43320584,4071062192
2T43320379,4071062391
2T43320491,4071062450
2T43320455,4071062516
2T43320378,4071062645
2T43320111,4071062763
2T43319987,4071062866
2T43319864,4071063010
2T43319854,4071063021
2T43319839,4071063076
2T43319822,4071063135
2T43319802,4071063183
2ZJ5427537,4071075713
2ZJ5427530,4071075783
2ZJ5427433,4071076494
2ZJ5427071,4071076925
2ZJ5427055,4071078690
2ZJ5426731,4071078900
2ZJ5426665,4071079025
2ZJ5426571,4071079224
2ZJ5426399,4071079924
2ZJ5426340,4071080101
2ZJ5426338,4071080462
2ZJ5426280,4071080893
2ZJ5426136,4071081114
2ZJ5425976,4071081836
2ZJ5425950,4071081976
2ZJ5425573,4071082632
2ZJ5425543,4071082886
2ZJ5425491,4071082912
2ZJ5425332,4071083133
2ZJ5425267,4071083273
2ZJ5425270,4071083590
2ZJ5425200,4071083855
2ZJ5424826,4071085141
2ZJ5424786,4071085362
2ZJ5424607,4071085465
2ZJ5424447,4071085583
2ZJ5424437,4071085675
2ZJ5424389,4071085760
2ZJ5424377,4071085885
2ZJ5424343,4071085955
2ZJ5424143,4071086320
2ZJ5424135,4071086434
2ZJ5424012,4071086795
2ZJ5423963,4071086880
2ZJ5423918,4071087031
2ZJ5423852,4071087134
2ZJ5415714,7881066480
2ZJ5418712,7881066863
2ZJ5418241,7881067235
2ZJ5418204,7881067294
2ZJ5418082,7881067412
2ZJ5417941,7881067596
2ZJ5417871,7881067655
2ZJ5417824,7881067773
2ZJ5417800,7881067854
2ZJ5417623,7881067924
2ZJ5417611,7881067983
2ZJ5417463,7881068204
2ZJ5417333,7881068241
2ZJ5417220,7881068285
2ZJ5417135,7881068300
2ZJ5416012,7881068414
2ZJ5414467,7881069033
2ZJ5413648,7881069066
2ZJ5413600,7881069081
2ZJ5412993,7881069125
2ZJ5412979,7881069151
2XJ5431341,7881069361
2T43322770,7881069840
2T43322751,7881069884
2T43322688,7881069921
2T43322662,7881069980
2T43322603,7881070035
2T43322592,7881070131
2T43322575,7881070153
2T43322505,7881070514
2T43322313,7881070562
2T43322479,7881070702
2T43322349,7881070982
2T43322320,7881071026
2T43322304,7881071166
2T43322285,7881071225
2T43322274,7881071262
2T43322208,7881071332
2T43322161,7881071715
2T43321889,7881071763
2T43321776,7881071881
2T43321745,7881072076
2T43321666,7881072091
2T43321459,7881073631
2T43321327,7881073653
2T43321288,7881073690
2T43321073,7881073771
2T43320992,7881073841
2T43320987,7881073885
2T43320941,7881074025
2T43320875,7881074040
